file,line,type,commit,author,date,time,timezone,datetime,depth,length
style.css,1,css,3e693989,Sam Ouyang,2025-01-25,20:12:46,-08:00,2025-01-25T20:12:46-08:00,0,0
style.css,2,css,3e693989,Sam Ouyang,2025-01-25,20:12:46,-08:00,2025-01-25T20:12:46-08:00,0,0
style.css,3,css,ae10cbc2,Sam Ouyang,2025-01-18,16:10:02,-08:00,2025-01-18T16:10:02-08:00,0,6
style.css,4,css,ae10cbc2,Sam Ouyang,2025-01-18,16:10:02,-08:00,2025-01-18T16:10:02-08:00,0,42
style.css,5,css,3e693989,Sam Ouyang,2025-01-25,20:12:46,-08:00,2025-01-25T20:12:46-08:00,0,0
style.css,6,css,ae10cbc2,Sam Ouyang,2025-01-18,16:10:02,-08:00,2025-01-18T16:10:02-08:00,0,0
style.css,7,css,ae10cbc2,Sam Ouyang,2025-01-18,16:10:02,-08:00,2025-01-18T16:10:02-08:00,0,0
style.css,8,css,ae10cbc2,Sam Ouyang,2025-01-18,16:10:02,-08:00,2025-01-18T16:10:02-08:00,0,5
style.css,9,css,ae10cbc2,Sam Ouyang,2025-01-18,16:10:02,-08:00,2025-01-18T16:10:02-08:00,0,33
style.css,10,css,ae10cbc2,Sam Ouyang,2025-01-18,16:10:02,-08:00,2025-01-18T16:10:02-08:00,0,0
style.css,11,css,ae10cbc2,Sam Ouyang,2025-01-18,16:10:02,-08:00,2025-01-18T16:10:02-08:00,0,0
style.css,12,css,35573956,Sam Ouyang,2025-01-10,14:46:37,-08:00,2025-01-10T14:46:37-08:00,0,5
style.css,13,css,35573956,Sam Ouyang,2025-01-10,14:46:37,-08:00,2025-01-10T14:46:37-08:00,0,24
style.css,14,css,ae10cbc2,Sam Ouyang,2025-01-18,16:10:02,-08:00,2025-01-18T16:10:02-08:00,0,17
style.css,15,css,ae10cbc2,Sam Ouyang,2025-01-18,16:10:02,-08:00,2025-01-18T16:10:02-08:00,0,19
style.css,16,css,ae10cbc2,Sam Ouyang,2025-01-18,16:10:02,-08:00,2025-01-18T16:10:02-08:00,0,13
style.css,17,css,35573956,Sam Ouyang,2025-01-10,14:46:37,-08:00,2025-01-10T14:46:37-08:00,0,0
style.css,18,css,ae10cbc2,Sam Ouyang,2025-01-18,16:10:02,-08:00,2025-01-18T16:10:02-08:00,0,0
style.css,19,css,ae10cbc2,Sam Ouyang,2025-01-18,16:10:02,-08:00,2025-01-18T16:10:02-08:00,0,4
style.css,20,css,ae10cbc2,Sam Ouyang,2025-01-18,16:10:02,-08:00,2025-01-18T16:10:02-08:00,0,13
style.css,21,css,ae10cbc2,Sam Ouyang,2025-01-18,16:10:02,-08:00,2025-01-18T16:10:02-08:00,0,19
style.css,22,css,ae10cbc2,Sam Ouyang,2025-01-18,16:10:02,-08:00,2025-01-18T16:10:02-08:00,0,24
style.css,23,css,ae10cbc2,Sam Ouyang,2025-01-18,16:10:02,-08:00,2025-01-18T16:10:02-08:00,0,26
style.css,24,css,8e4713b2,Sam Ouyang,2025-01-25,18:58:40,-08:00,2025-01-25T18:58:40-08:00,0,37
style.css,25,css,3e693989,Sam Ouyang,2025-01-25,20:12:46,-08:00,2025-01-25T20:12:46-08:00,0,0
style.css,26,css,8e4713b2,Sam Ouyang,2025-01-25,18:58:40,-08:00,2025-01-25T18:58:40-08:00,0,0
style.css,27,css,ae10cbc2,Sam Ouyang,2025-01-18,16:10:02,-08:00,2025-01-18T16:10:02-08:00,0,0
style.css,28,css,ae10cbc2,Sam Ouyang,2025-01-18,16:10:02,-08:00,2025-01-18T16:10:02-08:00,0,0
style.css,29,css,ae10cbc2,Sam Ouyang,2025-01-18,16:10:02,-08:00,2025-01-18T16:10:02-08:00,0,6
style.css,30,css,ae10cbc2,Sam Ouyang,2025-01-18,16:10:02,-08:00,2025-01-18T16:10:02-08:00,0,10
style.css,31,css,ae10cbc2,Sam Ouyang,2025-01-18,16:10:02,-08:00,2025-01-18T16:10:02-08:00,0,17
style.css,32,css,ae10cbc2,Sam Ouyang,2025-01-18,16:10:02,-08:00,2025-01-18T16:10:02-08:00,0,0
style.css,33,css,ae10cbc2,Sam Ouyang,2025-01-18,16:10:02,-08:00,2025-01-18T16:10:02-08:00,0,0
style.css,34,css,ae10cbc2,Sam Ouyang,2025-01-18,16:10:02,-08:00,2025-01-18T16:10:02-08:00,0,6
style.css,35,css,ae10cbc2,Sam Ouyang,2025-01-18,16:10:02,-08:00,2025-01-18T16:10:02-08:00,0,7
style.css,36,css,ae10cbc2,Sam Ouyang,2025-01-18,16:10:02,-08:00,2025-01-18T16:10:02-08:00,0,21
style.css,37,css,ae10cbc2,Sam Ouyang,2025-01-18,16:10:02,-08:00,2025-01-18T16:10:02-08:00,0,14
style.css,38,css,ae10cbc2,Sam Ouyang,2025-01-18,16:10:02,-08:00,2025-01-18T16:10:02-08:00,0,18
style.css,39,css,ae10cbc2,Sam Ouyang,2025-01-18,16:10:02,-08:00,2025-01-18T16:10:02-08:00,0,14
style.css,40,css,ae10cbc2,Sam Ouyang,2025-01-18,16:10:02,-08:00,2025-01-18T16:10:02-08:00,0,0
style.css,41,css,ae10cbc2,Sam Ouyang,2025-01-18,16:10:02,-08:00,2025-01-18T16:10:02-08:00,0,0
style.css,42,css,ae10cbc2,Sam Ouyang,2025-01-18,16:10:02,-08:00,2025-01-18T16:10:02-08:00,0,0
style.css,43,css,ae10cbc2,Sam Ouyang,2025-01-18,16:10:02,-08:00,2025-01-18T16:10:02-08:00,0,14
style.css,44,css,ae10cbc2,Sam Ouyang,2025-01-18,16:10:02,-08:00,2025-01-18T16:10:02-08:00,0,26
style.css,45,css,ae10cbc2,Sam Ouyang,2025-01-18,16:10:02,-08:00,2025-01-18T16:10:02-08:00,0,26
style.css,46,css,ae10cbc2,Sam Ouyang,2025-01-18,16:10:02,-08:00,2025-01-18T16:10:02-08:00,0,38
style.css,47,css,ae10cbc2,Sam Ouyang,2025-01-18,16:10:02,-08:00,2025-01-18T16:10:02-08:00,0,20
style.css,48,css,ae10cbc2,Sam Ouyang,2025-01-18,16:10:02,-08:00,2025-01-18T16:10:02-08:00,0,0
style.css,49,css,ae10cbc2,Sam Ouyang,2025-01-18,16:10:02,-08:00,2025-01-18T16:10:02-08:00,0,0
style.css,50,css,ae10cbc2,Sam Ouyang,2025-01-18,16:10:02,-08:00,2025-01-18T16:10:02-08:00,0,8
style.css,51,css,ae10cbc2,Sam Ouyang,2025-01-18,16:10:02,-08:00,2025-01-18T16:10:02-08:00,0,26
style.css,52,css,ae10cbc2,Sam Ouyang,2025-01-18,16:10:02,-08:00,2025-01-18T16:10:02-08:00,0,26
style.css,53,css,ae10cbc2,Sam Ouyang,2025-01-18,16:10:02,-08:00,2025-01-18T16:10:02-08:00,0,40
style.css,54,css,ae10cbc2,Sam Ouyang,2025-01-18,16:10:02,-08:00,2025-01-18T16:10:02-08:00,0,21
style.css,55,css,ae10cbc2,Sam Ouyang,2025-01-18,16:10:02,-08:00,2025-01-18T16:10:02-08:00,0,0
style.css,56,css,ae10cbc2,Sam Ouyang,2025-01-18,16:10:02,-08:00,2025-01-18T16:10:02-08:00,0,57
style.css,57,css,3e693989,Sam Ouyang,2025-01-25,20:12:46,-08:00,2025-01-25T20:12:46-08:00,0,0
style.css,58,css,ae10cbc2,Sam Ouyang,2025-01-18,16:10:02,-08:00,2025-01-18T16:10:02-08:00,0,0
style.css,59,css,ae10cbc2,Sam Ouyang,2025-01-18,16:10:02,-08:00,2025-01-18T16:10:02-08:00,0,0
style.css,60,css,ae10cbc2,Sam Ouyang,2025-01-18,16:10:02,-08:00,2025-01-18T16:10:02-08:00,0,5
style.css,61,css,ae10cbc2,Sam Ouyang,2025-01-18,16:10:02,-08:00,2025-01-18T16:10:02-08:00,0,13
style.css,62,css,ae10cbc2,Sam Ouyang,2025-01-18,16:10:02,-08:00,2025-01-18T16:10:02-08:00,0,31
style.css,63,css,ae10cbc2,Sam Ouyang,2025-01-18,16:10:02,-08:00,2025-01-18T16:10:02-08:00,0,8
style.css,64,css,ae10cbc2,Sam Ouyang,2025-01-18,16:10:02,-08:00,2025-01-18T16:10:02-08:00,0,19
style.css,65,css,ae10cbc2,Sam Ouyang,2025-01-18,16:10:02,-08:00,2025-01-18T16:10:02-08:00,0,0
style.css,66,css,ae10cbc2,Sam Ouyang,2025-01-18,16:10:02,-08:00,2025-01-18T16:10:02-08:00,0,0
style.css,67,css,ae10cbc2,Sam Ouyang,2025-01-18,16:10:02,-08:00,2025-01-18T16:10:02-08:00,0,6
style.css,68,css,ae10cbc2,Sam Ouyang,2025-01-18,16:10:02,-08:00,2025-01-18T16:10:02-08:00,0,13
style.css,69,css,ae10cbc2,Sam Ouyang,2025-01-18,16:10:02,-08:00,2025-01-18T16:10:02-08:00,0,9
style.css,70,css,ae10cbc2,Sam Ouyang,2025-01-18,16:10:02,-08:00,2025-01-18T16:10:02-08:00,0,0
style.css,71,css,ae10cbc2,Sam Ouyang,2025-01-18,16:10:02,-08:00,2025-01-18T16:10:02-08:00,0,0
style.css,72,css,ae10cbc2,Sam Ouyang,2025-01-18,16:10:02,-08:00,2025-01-18T16:10:02-08:00,0,5
style.css,73,css,ae10cbc2,Sam Ouyang,2025-01-18,16:10:02,-08:00,2025-01-18T16:10:02-08:00,0,9
style.css,74,css,ae10cbc2,Sam Ouyang,2025-01-18,16:10:02,-08:00,2025-01-18T16:10:02-08:00,0,13
style.css,75,css,ae10cbc2,Sam Ouyang,2025-01-18,16:10:02,-08:00,2025-01-18T16:10:02-08:00,0,11
style.css,76,css,ae10cbc2,Sam Ouyang,2025-01-18,16:10:02,-08:00,2025-01-18T16:10:02-08:00,0,22
style.css,77,css,ae10cbc2,Sam Ouyang,2025-01-18,16:10:02,-08:00,2025-01-18T16:10:02-08:00,0,0
style.css,78,css,ae10cbc2,Sam Ouyang,2025-01-18,16:10:02,-08:00,2025-01-18T16:10:02-08:00,0,0
style.css,79,css,ae10cbc2,Sam Ouyang,2025-01-18,16:10:02,-08:00,2025-01-18T16:10:02-08:00,0,7
style.css,80,css,ae10cbc2,Sam Ouyang,2025-01-18,16:10:02,-08:00,2025-01-18T16:10:02-08:00,0,13
style.css,81,css,ae10cbc2,Sam Ouyang,2025-01-18,16:10:02,-08:00,2025-01-18T16:10:02-08:00,0,19
style.css,82,css,ae10cbc2,Sam Ouyang,2025-01-18,16:10:02,-08:00,2025-01-18T16:10:02-08:00,0,19
style.css,83,css,ae10cbc2,Sam Ouyang,2025-01-18,16:10:02,-08:00,2025-01-18T16:10:02-08:00,0,11
style.css,84,css,ae10cbc2,Sam Ouyang,2025-01-18,16:10:02,-08:00,2025-01-18T16:10:02-08:00,0,0
style.css,85,css,ae10cbc2,Sam Ouyang,2025-01-18,16:10:02,-08:00,2025-01-18T16:10:02-08:00,0,0
style.css,86,css,ae10cbc2,Sam Ouyang,2025-01-18,16:10:02,-08:00,2025-01-18T16:10:02-08:00,0,10
style.css,87,css,ae10cbc2,Sam Ouyang,2025-01-18,16:10:02,-08:00,2025-01-18T16:10:02-08:00,0,13
style.css,88,css,ae10cbc2,Sam Ouyang,2025-01-18,16:10:02,-08:00,2025-01-18T16:10:02-08:00,0,58
style.css,89,css,ae10cbc2,Sam Ouyang,2025-01-18,16:10:02,-08:00,2025-01-18T16:10:02-08:00,0,8
style.css,90,css,ae10cbc2,Sam Ouyang,2025-01-18,16:10:02,-08:00,2025-01-18T16:10:02-08:00,0,31
style.css,91,css,ae10cbc2,Sam Ouyang,2025-01-18,16:10:02,-08:00,2025-01-18T16:10:02-08:00,0,0
style.css,92,css,ae10cbc2,Sam Ouyang,2025-01-18,16:10:02,-08:00,2025-01-18T16:10:02-08:00,0,0
style.css,93,css,ae10cbc2,Sam Ouyang,2025-01-18,16:10:02,-08:00,2025-01-18T16:10:02-08:00,0,8
style.css,94,css,ae10cbc2,Sam Ouyang,2025-01-18,16:10:02,-08:00,2025-01-18T16:10:02-08:00,0,13
style.css,95,css,ae10cbc2,Sam Ouyang,2025-01-18,16:10:02,-08:00,2025-01-18T16:10:02-08:00,0,27
style.css,96,css,ae10cbc2,Sam Ouyang,2025-01-18,16:10:02,-08:00,2025-01-18T16:10:02-08:00,0,16
style.css,97,css,ae10cbc2,Sam Ouyang,2025-01-18,16:10:02,-08:00,2025-01-18T16:10:02-08:00,0,8
style.css,98,css,ae10cbc2,Sam Ouyang,2025-01-18,16:10:02,-08:00,2025-01-18T16:10:02-08:00,0,0
style.css,99,css,ae10cbc2,Sam Ouyang,2025-01-18,16:10:02,-08:00,2025-01-18T16:10:02-08:00,0,0
style.css,100,css,ae10cbc2,Sam Ouyang,2025-01-18,16:10:02,-08:00,2025-01-18T16:10:02-08:00,0,13
style.css,101,css,ae10cbc2,Sam Ouyang,2025-01-18,16:10:02,-08:00,2025-01-18T16:10:02-08:00,0,9
style.css,102,css,ae10cbc2,Sam Ouyang,2025-01-18,16:10:02,-08:00,2025-01-18T16:10:02-08:00,0,0
style.css,103,css,ae10cbc2,Sam Ouyang,2025-01-18,16:10:02,-08:00,2025-01-18T16:10:02-08:00,0,0
style.css,104,css,ae10cbc2,Sam Ouyang,2025-01-18,16:10:02,-08:00,2025-01-18T16:10:02-08:00,0,14
style.css,105,css,ae10cbc2,Sam Ouyang,2025-01-18,16:10:02,-08:00,2025-01-18T16:10:02-08:00,0,14
style.css,106,css,ae10cbc2,Sam Ouyang,2025-01-18,16:10:02,-08:00,2025-01-18T16:10:02-08:00,0,14
style.css,107,css,ae10cbc2,Sam Ouyang,2025-01-18,16:10:02,-08:00,2025-01-18T16:10:02-08:00,0,15
style.css,108,css,ae10cbc2,Sam Ouyang,2025-01-18,16:10:02,-08:00,2025-01-18T16:10:02-08:00,0,0
style.css,109,css,ae10cbc2,Sam Ouyang,2025-01-18,16:10:02,-08:00,2025-01-18T16:10:02-08:00,0,0
style.css,110,css,ae10cbc2,Sam Ouyang,2025-01-18,16:10:02,-08:00,2025-01-18T16:10:02-08:00,0,12
style.css,111,css,ae10cbc2,Sam Ouyang,2025-01-18,16:10:02,-08:00,2025-01-18T16:10:02-08:00,0,9
style.css,112,css,ae10cbc2,Sam Ouyang,2025-01-18,16:10:02,-08:00,2025-01-18T16:10:02-08:00,0,0
style.css,113,css,ae10cbc2,Sam Ouyang,2025-01-18,16:10:02,-08:00,2025-01-18T16:10:02-08:00,0,0
style.css,114,css,ae10cbc2,Sam Ouyang,2025-01-18,16:10:02,-08:00,2025-01-18T16:10:02-08:00,0,2
style.css,115,css,ae10cbc2,Sam Ouyang,2025-01-18,16:10:02,-08:00,2025-01-18T16:10:02-08:00,0,15
style.css,116,css,92965e58,Sam Ouyang,2025-01-24,13:03:53,-08:00,2025-01-24T13:03:53-08:00,0,0
style.css,117,css,92965e58,Sam Ouyang,2025-01-24,13:03:53,-08:00,2025-01-24T13:03:53-08:00,0,0
style.css,118,css,3e693989,Sam Ouyang,2025-01-25,20:12:46,-08:00,2025-01-25T20:12:46-08:00,0,4
style.css,119,css,3e693989,Sam Ouyang,2025-01-25,20:12:46,-08:00,2025-01-25T20:12:46-08:00,0,0
style.css,120,css,3e693989,Sam Ouyang,2025-01-25,20:12:46,-08:00,2025-01-25T20:12:46-08:00,0,18
style.css,121,css,3e693989,Sam Ouyang,2025-01-25,20:12:46,-08:00,2025-01-25T20:12:46-08:00,0,9
style.css,122,css,3e693989,Sam Ouyang,2025-01-25,20:12:46,-08:00,2025-01-25T20:12:46-08:00,0,11
style.css,123,css,3e693989,Sam Ouyang,2025-01-25,20:12:46,-08:00,2025-01-25T20:12:46-08:00,0,14
style.css,124,css,3e693989,Sam Ouyang,2025-01-25,20:12:46,-08:00,2025-01-25T20:12:46-08:00,0,20
style.css,125,css,3e693989,Sam Ouyang,2025-01-25,20:12:46,-08:00,2025-01-25T20:12:46-08:00,0,13
style.css,126,css,3e693989,Sam Ouyang,2025-01-25,20:12:46,-08:00,2025-01-25T20:12:46-08:00,0,0
style.css,127,css,3e693989,Sam Ouyang,2025-01-25,20:12:46,-08:00,2025-01-25T20:12:46-08:00,0,0
style.css,128,css,3e693989,Sam Ouyang,2025-01-25,20:12:46,-08:00,2025-01-25T20:12:46-08:00,0,6
style.css,129,css,3e693989,Sam Ouyang,2025-01-25,20:12:46,-08:00,2025-01-25T20:12:46-08:00,0,5
style.css,130,css,3e693989,Sam Ouyang,2025-01-25,20:12:46,-08:00,2025-01-25T20:12:46-08:00,0,0
style.css,131,css,3e693989,Sam Ouyang,2025-01-25,20:12:46,-08:00,2025-01-25T20:12:46-08:00,0,18
style.css,132,css,3e693989,Sam Ouyang,2025-01-25,20:12:46,-08:00,2025-01-25T20:12:46-08:00,0,9
style.css,133,css,3e693989,Sam Ouyang,2025-01-25,20:12:46,-08:00,2025-01-25T20:12:46-08:00,0,11
style.css,134,css,3e693989,Sam Ouyang,2025-01-25,20:12:46,-08:00,2025-01-25T20:12:46-08:00,0,14
style.css,135,css,3e693989,Sam Ouyang,2025-01-25,20:12:46,-08:00,2025-01-25T20:12:46-08:00,0,20
style.css,136,css,3e693989,Sam Ouyang,2025-01-25,20:12:46,-08:00,2025-01-25T20:12:46-08:00,0,13
style.css,137,css,3e693989,Sam Ouyang,2025-01-25,20:12:46,-08:00,2025-01-25T20:12:46-08:00,0,0
style.css,138,css,8e4713b2,Sam Ouyang,2025-01-25,18:58:40,-08:00,2025-01-25T18:58:40-08:00,0,0
style.css,139,css,5e6ea7d8,Sam Ouyang,2025-02-07,16:37:03,-08:00,2025-02-07T16:37:03-08:00,0,19
style.css,140,css,5e6ea7d8,Sam Ouyang,2025-02-07,16:37:03,-08:00,2025-02-07T16:37:03-08:00,0,15
style.css,141,css,5e6ea7d8,Sam Ouyang,2025-02-07,16:37:03,-08:00,2025-02-07T16:37:03-08:00,0,17
style.css,142,css,5e6ea7d8,Sam Ouyang,2025-02-07,16:37:03,-08:00,2025-02-07T16:37:03-08:00,0,0
style.css,143,css,5e6ea7d8,Sam Ouyang,2025-02-07,16:37:03,-08:00,2025-02-07T16:37:03-08:00,0,17
style.css,144,css,5e6ea7d8,Sam Ouyang,2025-02-07,16:37:03,-08:00,2025-02-07T16:37:03-08:00,0,0
style.css,145,css,5e6ea7d8,Sam Ouyang,2025-02-07,16:37:03,-08:00,2025-02-07T16:37:03-08:00,0,0
style.css,146,css,5e6ea7d8,Sam Ouyang,2025-02-07,16:37:03,-08:00,2025-02-07T16:37:03-08:00,0,0
style.css,147,css,5e6ea7d8,Sam Ouyang,2025-02-07,16:37:03,-08:00,2025-02-07T16:37:03-08:00,0,29
style.css,148,css,5e6ea7d8,Sam Ouyang,2025-02-07,16:37:03,-08:00,2025-02-07T16:37:03-08:00,0,59
style.css,149,css,5e6ea7d8,Sam Ouyang,2025-02-07,16:37:03,-08:00,2025-02-07T16:37:03-08:00,0,68
style.css,150,css,5e6ea7d8,Sam Ouyang,2025-02-07,16:37:03,-08:00,2025-02-07T16:37:03-08:00,0,54
style.css,151,css,5e6ea7d8,Sam Ouyang,2025-02-07,16:37:03,-08:00,2025-02-07T16:37:03-08:00,0,0
style.css,152,css,5e6ea7d8,Sam Ouyang,2025-02-07,16:37:03,-08:00,2025-02-07T16:37:03-08:00,0,0
style.css,153,css,5e6ea7d8,Sam Ouyang,2025-02-07,16:37:03,-08:00,2025-02-07T16:37:03-08:00,0,29
style.css,154,css,5e6ea7d8,Sam Ouyang,2025-02-07,16:37:03,-08:00,2025-02-07T16:37:03-08:00,0,22
style.css,155,css,5e6ea7d8,Sam Ouyang,2025-02-07,16:37:03,-08:00,2025-02-07T16:37:03-08:00,0,12
style.css,156,css,5e6ea7d8,Sam Ouyang,2025-02-07,16:37:03,-08:00,2025-02-07T16:37:03-08:00,0,13
style.css,157,css,5e6ea7d8,Sam Ouyang,2025-02-07,16:37:03,-08:00,2025-02-07T16:37:03-08:00,0,3
style.css,158,css,5e6ea7d8,Sam Ouyang,2025-02-07,16:37:03,-08:00,2025-02-07T16:37:03-08:00,0,0
style.css,159,css,5e6ea7d8,Sam Ouyang,2025-02-07,16:37:03,-08:00,2025-02-07T16:37:03-08:00,0,0
style.css,160,css,5e6ea7d8,Sam Ouyang,2025-02-07,16:37:03,-08:00,2025-02-07T16:37:03-08:00,0,0
style.css,161,css,5e6ea7d8,Sam Ouyang,2025-02-07,16:37:03,-08:00,2025-02-07T16:37:03-08:00,0,8
style.css,162,css,5e6ea7d8,Sam Ouyang,2025-02-07,16:37:03,-08:00,2025-02-07T16:37:03-08:00,0,50
style.css,163,css,5e6ea7d8,Sam Ouyang,2025-02-07,16:37:03,-08:00,2025-02-07T16:37:03-08:00,0,10
style.css,164,css,5e6ea7d8,Sam Ouyang,2025-02-07,16:37:03,-08:00,2025-02-07T16:37:03-08:00,0,14
style.css,165,css,5e6ea7d8,Sam Ouyang,2025-02-07,16:37:03,-08:00,2025-02-07T16:37:03-08:00,0,13
style.css,166,css,5e6ea7d8,Sam Ouyang,2025-02-07,16:37:03,-08:00,2025-02-07T16:37:03-08:00,0,15
style.css,167,css,5e6ea7d8,Sam Ouyang,2025-02-07,16:37:03,-08:00,2025-02-07T16:37:03-08:00,0,42
style.css,168,css,5e6ea7d8,Sam Ouyang,2025-02-07,16:37:03,-08:00,2025-02-07T16:37:03-08:00,0,0
style.css,169,css,5e6ea7d8,Sam Ouyang,2025-02-07,16:37:03,-08:00,2025-02-07T16:37:03-08:00,0,0
style.css,170,css,5e6ea7d8,Sam Ouyang,2025-02-07,16:37:03,-08:00,2025-02-07T16:37:03-08:00,0,32
style.css,171,css,5e6ea7d8,Sam Ouyang,2025-02-07,16:37:03,-08:00,2025-02-07T16:37:03-08:00,0,11
style.css,172,css,5e6ea7d8,Sam Ouyang,2025-02-07,16:37:03,-08:00,2025-02-07T16:37:03-08:00,0,13
style.css,173,css,5e6ea7d8,Sam Ouyang,2025-02-07,16:37:03,-08:00,2025-02-07T16:37:03-08:00,0,19
style.css,174,css,5e6ea7d8,Sam Ouyang,2025-02-07,16:37:03,-08:00,2025-02-07T16:37:03-08:00,0,44
style.css,175,css,5e6ea7d8,Sam Ouyang,2025-02-07,16:37:03,-08:00,2025-02-07T16:37:03-08:00,0,15
style.css,176,css,5e6ea7d8,Sam Ouyang,2025-02-07,16:37:03,-08:00,2025-02-07T16:37:03-08:00,0,36
style.css,177,css,5e6ea7d8,Sam Ouyang,2025-02-07,16:37:03,-08:00,2025-02-07T16:37:03-08:00,0,0
style.css,178,css,5e6ea7d8,Sam Ouyang,2025-02-07,16:37:03,-08:00,2025-02-07T16:37:03-08:00,0,0
style.css,179,css,5e6ea7d8,Sam Ouyang,2025-02-07,16:37:03,-08:00,2025-02-07T16:37:03-08:00,0,26
style.css,180,css,5e6ea7d8,Sam Ouyang,2025-02-07,16:37:03,-08:00,2025-02-07T16:37:03-08:00,0,16
style.css,181,css,5e6ea7d8,Sam Ouyang,2025-02-07,16:37:03,-08:00,2025-02-07T16:37:03-08:00,0,36
style.css,182,css,5e6ea7d8,Sam Ouyang,2025-02-07,16:37:03,-08:00,2025-02-07T16:37:03-08:00,0,37
style.css,183,css,5e6ea7d8,Sam Ouyang,2025-02-07,16:37:03,-08:00,2025-02-07T16:37:03-08:00,0,46
style.css,184,css,5e6ea7d8,Sam Ouyang,2025-02-07,16:37:03,-08:00,2025-02-07T16:37:03-08:00,0,61
style.css,185,css,5e6ea7d8,Sam Ouyang,2025-02-07,16:37:03,-08:00,2025-02-07T16:37:03-08:00,0,49
style.css,186,css,5e6ea7d8,Sam Ouyang,2025-02-07,16:37:03,-08:00,2025-02-07T16:37:03-08:00,0,21
style.css,187,css,5e6ea7d8,Sam Ouyang,2025-02-07,16:37:03,-08:00,2025-02-07T16:37:03-08:00,0,0
style.css,188,css,5e6ea7d8,Sam Ouyang,2025-02-07,16:37:03,-08:00,2025-02-07T16:37:03-08:00,0,0
style.css,189,css,5e6ea7d8,Sam Ouyang,2025-02-07,16:37:03,-08:00,2025-02-07T16:37:03-08:00,0,39
style.css,190,css,5e6ea7d8,Sam Ouyang,2025-02-07,16:37:03,-08:00,2025-02-07T16:37:03-08:00,0,11
style.css,191,css,5e6ea7d8,Sam Ouyang,2025-02-07,16:37:03,-08:00,2025-02-07T16:37:03-08:00,0,11
style.css,192,css,5e6ea7d8,Sam Ouyang,2025-02-07,16:37:03,-08:00,2025-02-07T16:37:03-08:00,0,0
style.css,193,css,5e6ea7d8,Sam Ouyang,2025-02-07,16:37:03,-08:00,2025-02-07T16:37:03-08:00,0,3
style.css,194,css,4a18a156,Sam Ouyang,2025-02-07,18:04:59,-08:00,2025-02-07T18:04:59-08:00,0,0
style.css,195,css,4a18a156,Sam Ouyang,2025-02-07,18:04:59,-08:00,2025-02-07T18:04:59-08:00,0,18
style.css,196,css,4a18a156,Sam Ouyang,2025-02-07,18:04:59,-08:00,2025-02-07T18:04:59-08:00,0,17
style.css,197,css,4a18a156,Sam Ouyang,2025-02-07,18:04:59,-08:00,2025-02-07T18:04:59-08:00,0,12
style.css,198,css,4a18a156,Sam Ouyang,2025-02-07,18:04:59,-08:00,2025-02-07T18:04:59-08:00,0,0
style.css,199,css,4a18a156,Sam Ouyang,2025-02-07,18:04:59,-08:00,2025-02-07T18:04:59-08:00,0,0
style.css,200,css,4a18a156,Sam Ouyang,2025-02-07,18:04:59,-08:00,2025-02-07T18:04:59-08:00,0,0
style.css,201,css,4a18a156,Sam Ouyang,2025-02-07,18:04:59,-08:00,2025-02-07T18:04:59-08:00,0,5
style.css,202,css,4a18a156,Sam Ouyang,2025-02-07,18:04:59,-08:00,2025-02-07T18:04:59-08:00,0,17
style.css,203,css,4a18a156,Sam Ouyang,2025-02-07,18:04:59,-08:00,2025-02-07T18:04:59-08:00,0,0
style.css,204,css,4a18a156,Sam Ouyang,2025-02-07,18:04:59,-08:00,2025-02-07T18:04:59-08:00,0,0
style.css,205,css,4a18a156,Sam Ouyang,2025-02-07,18:04:59,-08:00,2025-02-07T18:04:59-08:00,0,0
style.css,206,css,4a18a156,Sam Ouyang,2025-02-07,18:04:59,-08:00,2025-02-07T18:04:59-08:00,0,10
style.css,207,css,4a18a156,Sam Ouyang,2025-02-07,18:04:59,-08:00,2025-02-07T18:04:59-08:00,0,36
style.css,208,css,4a18a156,Sam Ouyang,2025-02-07,18:04:59,-08:00,2025-02-07T18:04:59-08:00,0,0
style.css,209,css,4a18a156,Sam Ouyang,2025-02-07,18:04:59,-08:00,2025-02-07T18:04:59-08:00,0,11
style.css,210,css,4a18a156,Sam Ouyang,2025-02-07,18:04:59,-08:00,2025-02-07T18:04:59-08:00,0,18
style.css,211,css,4a18a156,Sam Ouyang,2025-02-07,18:04:59,-08:00,2025-02-07T18:04:59-08:00,0,0
style.css,212,css,4a18a156,Sam Ouyang,2025-02-07,18:04:59,-08:00,2025-02-07T18:04:59-08:00,0,0
index.js,1,js,4fe93e35,Sam Ouyang,2025-02-01,19:39:56,-08:00,2025-02-01T19:39:56-08:00,0,72
index.js,2,js,4fe93e35,Sam Ouyang,2025-02-01,19:39:56,-08:00,2025-02-01T19:39:56-08:00,0,55
index.js,3,js,4fe93e35,Sam Ouyang,2025-02-01,19:39:56,-08:00,2025-02-01T19:39:56-08:00,0,43
index.js,4,js,4fe93e35,Sam Ouyang,2025-02-01,19:39:56,-08:00,2025-02-01T19:39:56-08:00,0,61
index.js,5,js,4fe93e35,Sam Ouyang,2025-02-01,19:39:56,-08:00,2025-02-01T19:39:56-08:00,0,0
index.js,6,js,2a2fb9d0,Sam Ouyang,2025-02-01,22:04:36,-08:00,2025-02-01T22:04:36-08:00,0,58
index.js,7,js,2a2fb9d0,Sam Ouyang,2025-02-01,22:04:36,-08:00,2025-02-01T22:04:36-08:00,0,34
index.js,8,js,2a2fb9d0,Sam Ouyang,2025-02-01,22:04:36,-08:00,2025-02-01T22:04:36-08:00,0,48
index.js,9,js,2a2fb9d0,Sam Ouyang,2025-02-01,22:04:36,-08:00,2025-02-01T22:04:36-08:00,0,2
index.js,10,js,4fe93e35,Sam Ouyang,2025-02-01,19:39:56,-08:00,2025-02-01T19:39:56-08:00,0,0
index.js,11,js,2a2fb9d0,Sam Ouyang,2025-02-01,22:04:36,-08:00,2025-02-01T22:04:36-08:00,0,54
index.js,12,js,4fe93e35,Sam Ouyang,2025-02-01,19:39:56,-08:00,2025-02-01T19:39:56-08:00,0,0
index.js,13,js,4fe93e35,Sam Ouyang,2025-02-01,19:39:56,-08:00,2025-02-01T19:39:56-08:00,0,61
index.js,14,js,4fe93e35,Sam Ouyang,2025-02-01,19:39:56,-08:00,2025-02-01T19:39:56-08:00,0,0
index.js,15,js,4fe93e35,Sam Ouyang,2025-02-01,19:39:56,-08:00,2025-02-01T19:39:56-08:00,0,18
index.js,16,js,4fe93e35,Sam Ouyang,2025-02-01,19:39:56,-08:00,2025-02-01T19:39:56-08:00,0,25
index.js,17,js,4fe93e35,Sam Ouyang,2025-02-01,19:39:56,-08:00,2025-02-01T19:39:56-08:00,0,3
index.js,18,js,4fe93e35,Sam Ouyang,2025-02-01,19:39:56,-08:00,2025-02-01T19:39:56-08:00,0,56
index.js,19,js,4fe93e35,Sam Ouyang,2025-02-01,19:39:56,-08:00,2025-02-01T19:39:56-08:00,0,56
index.js,20,js,4fe93e35,Sam Ouyang,2025-02-01,19:39:56,-08:00,2025-02-01T19:39:56-08:00,0,50
index.js,21,js,4fe93e35,Sam Ouyang,2025-02-01,19:39:56,-08:00,2025-02-01T19:39:56-08:00,0,50
index.js,22,js,4fe93e35,Sam Ouyang,2025-02-01,19:39:56,-08:00,2025-02-01T19:39:56-08:00,0,4
index.js,23,js,4fe93e35,Sam Ouyang,2025-02-01,19:39:56,-08:00,2025-02-01T19:39:56-08:00,0,1
index.js,24,js,2a2fb9d0,Sam Ouyang,2025-02-01,22:04:36,-08:00,2025-02-01T22:04:36-08:00,0,0
index.js,25,js,2a2fb9d0,Sam Ouyang,2025-02-01,22:04:36,-08:00,2025-02-01T22:04:36-08:00,0,0
index.js,26,js,2a2fb9d0,Sam Ouyang,2025-02-01,22:04:36,-08:00,2025-02-01T22:04:36-08:00,0,0
index.html,1,html,193d5d88,Sam Ouyang,2025-01-10,12:31:29,-08:00,2025-01-10T12:31:29-08:00,0,14
index.html,2,html,193d5d88,Sam Ouyang,2025-01-10,12:31:29,-08:00,2025-01-10T12:31:29-08:00,0,15
index.html,3,html,193d5d88,Sam Ouyang,2025-01-10,12:31:29,-08:00,2025-01-10T12:31:29-08:00,0,5
index.html,4,html,193d5d88,Sam Ouyang,2025-01-10,12:31:29,-08:00,2025-01-10T12:31:29-08:00,0,21
index.html,5,html,193d5d88,Sam Ouyang,2025-01-10,12:31:29,-08:00,2025-01-10T12:31:29-08:00,0,69
index.html,6,html,193d5d88,Sam Ouyang,2025-01-10,12:31:29,-08:00,2025-01-10T12:31:29-08:00,0,53
index.html,7,html,35573956,Sam Ouyang,2025-01-10,14:46:37,-08:00,2025-01-10T14:46:37-08:00,0,43
index.html,8,html,2a2fb9d0,Sam Ouyang,2025-02-01,22:04:36,-08:00,2025-02-01T22:04:36-08:00,0,46
index.html,9,html,4fe93e35,Sam Ouyang,2025-02-01,19:39:56,-08:00,2025-02-01T19:39:56-08:00,0,51
index.html,10,html,35573956,Sam Ouyang,2025-01-10,14:46:37,-08:00,2025-01-10T14:46:37-08:00,0,0
index.html,11,html,193d5d88,Sam Ouyang,2025-01-10,12:31:29,-08:00,2025-01-10T12:31:29-08:00,0,0
index.html,12,html,193d5d88,Sam Ouyang,2025-01-10,12:31:29,-08:00,2025-01-10T12:31:29-08:00,0,6
index.html,13,html,193d5d88,Sam Ouyang,2025-01-10,12:31:29,-08:00,2025-01-10T12:31:29-08:00,0,5
index.html,14,html,3e693989,Sam Ouyang,2025-01-25,20:12:46,-08:00,2025-01-25T20:12:46-08:00,0,74
index.html,15,html,8e4713b2,Sam Ouyang,2025-01-25,18:58:40,-08:00,2025-01-25T18:58:40-08:00,0,32
index.html,16,html,fbc7d6b7,Sam Ouyang,2025-02-01,19:14:30,-08:00,2025-02-01T19:14:30-08:00,0,35
index.html,17,html,8e4713b2,Sam Ouyang,2025-01-25,18:58:40,-08:00,2025-01-25T18:58:40-08:00,0,43
index.html,18,html,8e4713b2,Sam Ouyang,2025-01-25,18:58:40,-08:00,2025-01-25T18:58:40-08:00,0,33
index.html,19,html,8e4713b2,Sam Ouyang,2025-01-25,18:58:40,-08:00,2025-01-25T18:58:40-08:00,0,8
index.html,20,html,8e4713b2,Sam Ouyang,2025-01-25,18:58:40,-08:00,2025-01-25T18:58:40-08:00,0,0
index.html,21,html,193d5d88,Sam Ouyang,2025-01-10,12:31:29,-08:00,2025-01-10T12:31:29-08:00,0,3
index.html,22,html,193d5d88,Sam Ouyang,2025-01-10,12:31:29,-08:00,2025-01-10T12:31:29-08:00,0,9
index.html,23,html,193d5d88,Sam Ouyang,2025-01-10,12:31:29,-08:00,2025-01-10T12:31:29-08:00,0,4
index.html,24,html,193d5d88,Sam Ouyang,2025-01-10,12:31:29,-08:00,2025-01-10T12:31:29-08:00,0,2
index.html,25,html,4fe93e35,Sam Ouyang,2025-02-01,19:39:56,-08:00,2025-02-01T19:39:56-08:00,0,91
index.html,26,html,fbc7d6b7,Sam Ouyang,2025-02-01,19:14:30,-08:00,2025-02-01T19:14:30-08:00,0,145
index.html,27,html,5e6ea7d8,Sam Ouyang,2025-02-07,16:37:03,-08:00,2025-02-07T16:37:03-08:00,0,54
index.html,28,html,193d5d88,Sam Ouyang,2025-01-10,12:31:29,-08:00,2025-01-10T12:31:29-08:00,0,3
index.html,29,html,4fe93e35,Sam Ouyang,2025-02-01,19:39:56,-08:00,2025-02-01T19:39:56-08:00,0,120
index.html,30,html,4fe93e35,Sam Ouyang,2025-02-01,19:39:56,-08:00,2025-02-01T19:39:56-08:00,0,0
index.html,31,html,4fe93e35,Sam Ouyang,2025-02-01,19:39:56,-08:00,2025-02-01T19:39:56-08:00,0,0
index.html,32,html,4fe93e35,Sam Ouyang,2025-02-01,19:39:56,-08:00,2025-02-01T19:39:56-08:00,0,23
index.html,33,html,4fe93e35,Sam Ouyang,2025-02-01,19:39:56,-08:00,2025-02-01T19:39:56-08:00,0,21
index.html,34,html,4fe93e35,Sam Ouyang,2025-02-01,19:39:56,-08:00,2025-02-01T19:39:56-08:00,0,50
index.html,35,html,2a2fb9d0,Sam Ouyang,2025-02-01,22:04:36,-08:00,2025-02-01T22:04:36-08:00,0,0
index.html,36,html,2a2fb9d0,Sam Ouyang,2025-02-01,22:04:36,-08:00,2025-02-01T22:04:36-08:00,0,175
index.html,37,html,2a2fb9d0,Sam Ouyang,2025-02-01,22:04:36,-08:00,2025-02-01T22:04:36-08:00,0,8
index.html,38,html,2a2fb9d0,Sam Ouyang,2025-02-01,22:04:36,-08:00,2025-02-01T22:04:36-08:00,0,37
index.html,39,html,2a2fb9d0,Sam Ouyang,2025-02-01,22:04:36,-08:00,2025-02-01T22:04:36-08:00,0,71
index.html,40,html,2a2fb9d0,Sam Ouyang,2025-02-01,22:04:36,-08:00,2025-02-01T22:04:36-08:00,0,92
index.html,41,html,2a2fb9d0,Sam Ouyang,2025-02-01,22:04:36,-08:00,2025-02-01T22:04:36-08:00,0,9
index.html,42,html,2a2fb9d0,Sam Ouyang,2025-02-01,22:04:36,-08:00,2025-02-01T22:04:36-08:00,0,8
index.html,43,html,2a2fb9d0,Sam Ouyang,2025-02-01,22:04:36,-08:00,2025-02-01T22:04:36-08:00,0,40
index.html,44,html,2a2fb9d0,Sam Ouyang,2025-02-01,22:04:36,-08:00,2025-02-01T22:04:36-08:00,0,71
index.html,45,html,2a2fb9d0,Sam Ouyang,2025-02-01,22:04:36,-08:00,2025-02-01T22:04:36-08:00,0,242
index.html,46,html,2a2fb9d0,Sam Ouyang,2025-02-01,22:04:36,-08:00,2025-02-01T22:04:36-08:00,0,9
index.html,47,html,2a2fb9d0,Sam Ouyang,2025-02-01,22:04:36,-08:00,2025-02-01T22:04:36-08:00,0,8
index.html,48,html,2a2fb9d0,Sam Ouyang,2025-02-01,22:04:36,-08:00,2025-02-01T22:04:36-08:00,0,32
index.html,49,html,2a2fb9d0,Sam Ouyang,2025-02-01,22:04:36,-08:00,2025-02-01T22:04:36-08:00,0,71
index.html,50,html,2a2fb9d0,Sam Ouyang,2025-02-01,22:04:36,-08:00,2025-02-01T22:04:36-08:00,0,238
index.html,51,html,2a2fb9d0,Sam Ouyang,2025-02-01,22:04:36,-08:00,2025-02-01T22:04:36-08:00,0,9
index.html,52,html,2a2fb9d0,Sam Ouyang,2025-02-01,22:04:36,-08:00,2025-02-01T22:04:36-08:00,0,5
index.html,53,html,2a2fb9d0,Sam Ouyang,2025-02-01,22:04:36,-08:00,2025-02-01T22:04:36-08:00,0,0
index.html,54,html,2a2fb9d0,Sam Ouyang,2025-02-01,22:04:36,-08:00,2025-02-01T22:04:36-08:00,0,0
index.html,55,html,2a2fb9d0,Sam Ouyang,2025-02-01,22:04:36,-08:00,2025-02-01T22:04:36-08:00,0,28
index.html,56,html,2a2fb9d0,Sam Ouyang,2025-02-01,22:04:36,-08:00,2025-02-01T22:04:36-08:00,0,29
index.html,57,html,2a2fb9d0,Sam Ouyang,2025-02-01,22:04:36,-08:00,2025-02-01T22:04:36-08:00,0,0
index.html,58,html,2a2fb9d0,Sam Ouyang,2025-02-01,22:04:36,-08:00,2025-02-01T22:04:36-08:00,0,0
index.html,59,html,2a2fb9d0,Sam Ouyang,2025-02-01,22:04:36,-08:00,2025-02-01T22:04:36-08:00,0,6
index.html,60,html,2a2fb9d0,Sam Ouyang,2025-02-01,22:04:36,-08:00,2025-02-01T22:04:36-08:00,0,5
index.html,61,html,2a2fb9d0,Sam Ouyang,2025-02-01,22:04:36,-08:00,2025-02-01T22:04:36-08:00,0,30
index.html,62,html,302dd928,Sam Ouyang,2025-02-01,22:21:02,-08:00,2025-02-01T22:21:02-08:00,0,0
index.html,63,html,2a2fb9d0,Sam Ouyang,2025-02-01,22:04:36,-08:00,2025-02-01T22:04:36-08:00,0,0
index.html,64,html,2a2fb9d0,Sam Ouyang,2025-02-01,22:04:36,-08:00,2025-02-01T22:04:36-08:00,0,17
index.html,65,html,2a2fb9d0,Sam Ouyang,2025-02-01,22:04:36,-08:00,2025-02-01T22:04:36-08:00,0,16
index.html,66,html,2a2fb9d0,Sam Ouyang,2025-02-01,22:04:36,-08:00,2025-02-01T22:04:36-08:00,0,22
index.html,67,html,2a2fb9d0,Sam Ouyang,2025-02-01,22:04:36,-08:00,2025-02-01T22:04:36-08:00,0,13
index.html,68,html,2a2fb9d0,Sam Ouyang,2025-02-01,22:04:36,-08:00,2025-02-01T22:04:36-08:00,0,18
index.html,69,html,2a2fb9d0,Sam Ouyang,2025-02-01,22:04:36,-08:00,2025-02-01T22:04:36-08:00,0,25
index.html,70,html,2a2fb9d0,Sam Ouyang,2025-02-01,22:04:36,-08:00,2025-02-01T22:04:36-08:00,0,0
index.html,71,html,2a2fb9d0,Sam Ouyang,2025-02-01,22:04:36,-08:00,2025-02-01T22:04:36-08:00,0,11
index.html,72,html,2a2fb9d0,Sam Ouyang,2025-02-01,22:04:36,-08:00,2025-02-01T22:04:36-08:00,0,13
index.html,73,html,2a2fb9d0,Sam Ouyang,2025-02-01,22:04:36,-08:00,2025-02-01T22:04:36-08:00,0,30
index.html,74,html,2a2fb9d0,Sam Ouyang,2025-02-01,22:04:36,-08:00,2025-02-01T22:04:36-08:00,0,19
index.html,75,html,2a2fb9d0,Sam Ouyang,2025-02-01,22:04:36,-08:00,2025-02-01T22:04:36-08:00,0,0
index.html,76,html,2a2fb9d0,Sam Ouyang,2025-02-01,22:04:36,-08:00,2025-02-01T22:04:36-08:00,0,12
index.html,77,html,2a2fb9d0,Sam Ouyang,2025-02-01,22:04:36,-08:00,2025-02-01T22:04:36-08:00,0,17
index.html,78,html,2a2fb9d0,Sam Ouyang,2025-02-01,22:04:36,-08:00,2025-02-01T22:04:36-08:00,0,0
index.html,79,html,2a2fb9d0,Sam Ouyang,2025-02-01,22:04:36,-08:00,2025-02-01T22:04:36-08:00,0,12
index.html,80,html,2a2fb9d0,Sam Ouyang,2025-02-01,22:04:36,-08:00,2025-02-01T22:04:36-08:00,0,11
index.html,81,html,2a2fb9d0,Sam Ouyang,2025-02-01,22:04:36,-08:00,2025-02-01T22:04:36-08:00,0,0
index.html,82,html,2a2fb9d0,Sam Ouyang,2025-02-01,22:04:36,-08:00,2025-02-01T22:04:36-08:00,0,7
index.html,83,html,2a2fb9d0,Sam Ouyang,2025-02-01,22:04:36,-08:00,2025-02-01T22:04:36-08:00,0,6
index.html,84,html,2a2fb9d0,Sam Ouyang,2025-02-01,22:04:36,-08:00,2025-02-01T22:04:36-08:00,0,5
index.html,85,html,2a2fb9d0,Sam Ouyang,2025-02-01,22:04:36,-08:00,2025-02-01T22:04:36-08:00,0,28
index.html,86,html,2a2fb9d0,Sam Ouyang,2025-02-01,22:04:36,-08:00,2025-02-01T22:04:36-08:00,0,22
index.html,87,html,2a2fb9d0,Sam Ouyang,2025-02-01,22:04:36,-08:00,2025-02-01T22:04:36-08:00,0,44
index.html,88,html,2a2fb9d0,Sam Ouyang,2025-02-01,22:04:36,-08:00,2025-02-01T22:04:36-08:00,0,32
index.html,89,html,2a2fb9d0,Sam Ouyang,2025-02-01,22:04:36,-08:00,2025-02-01T22:04:36-08:00,0,5
index.html,90,html,2a2fb9d0,Sam Ouyang,2025-02-01,22:04:36,-08:00,2025-02-01T22:04:36-08:00,0,22
index.html,91,html,2a2fb9d0,Sam Ouyang,2025-02-01,22:04:36,-08:00,2025-02-01T22:04:36-08:00,0,44
index.html,92,html,2a2fb9d0,Sam Ouyang,2025-02-01,22:04:36,-08:00,2025-02-01T22:04:36-08:00,0,32
index.html,93,html,2a2fb9d0,Sam Ouyang,2025-02-01,22:04:36,-08:00,2025-02-01T22:04:36-08:00,0,5
index.html,94,html,2a2fb9d0,Sam Ouyang,2025-02-01,22:04:36,-08:00,2025-02-01T22:04:36-08:00,0,22
index.html,95,html,2a2fb9d0,Sam Ouyang,2025-02-01,22:04:36,-08:00,2025-02-01T22:04:36-08:00,0,41
index.html,96,html,2a2fb9d0,Sam Ouyang,2025-02-01,22:04:36,-08:00,2025-02-01T22:04:36-08:00,0,32
index.html,97,html,2a2fb9d0,Sam Ouyang,2025-02-01,22:04:36,-08:00,2025-02-01T22:04:36-08:00,0,5
index.html,98,html,2a2fb9d0,Sam Ouyang,2025-02-01,22:04:36,-08:00,2025-02-01T22:04:36-08:00,0,22
index.html,99,html,2a2fb9d0,Sam Ouyang,2025-02-01,22:04:36,-08:00,2025-02-01T22:04:36-08:00,0,41
index.html,100,html,2a2fb9d0,Sam Ouyang,2025-02-01,22:04:36,-08:00,2025-02-01T22:04:36-08:00,0,32
index.html,101,html,2a2fb9d0,Sam Ouyang,2025-02-01,22:04:36,-08:00,2025-02-01T22:04:36-08:00,0,5
index.html,102,html,4fe93e35,Sam Ouyang,2025-02-01,19:39:56,-08:00,2025-02-01T19:39:56-08:00,0,5
index.html,103,html,df8c9d30,Sam Ouyang,2025-01-10,14:23:51,-08:00,2025-01-10T14:23:51-08:00,0,0
index.html,104,html,2a2fb9d0,Sam Ouyang,2025-02-01,22:04:36,-08:00,2025-02-01T22:04:36-08:00,0,0
index.html,105,html,2a2fb9d0,Sam Ouyang,2025-02-01,22:04:36,-08:00,2025-02-01T22:04:36-08:00,0,0
index.html,106,html,2a2fb9d0,Sam Ouyang,2025-02-01,22:04:36,-08:00,2025-02-01T22:04:36-08:00,0,0
index.html,107,html,193d5d88,Sam Ouyang,2025-01-10,12:31:29,-08:00,2025-01-10T12:31:29-08:00,0,6
index.html,108,html,ae10cbc2,Sam Ouyang,2025-01-18,16:10:02,-08:00,2025-01-18T16:10:02-08:00,0,6
global.js,1,js,5b005a74,Sam Ouyang,2025-02-01,17:21:15,-08:00,2025-02-01T17:21:15-08:00,0,0
global.js,2,js,28a27bf1,Sam Ouyang,2025-01-31,17:46:27,-08:00,2025-01-31T17:46:27-08:00,0,0
global.js,3,js,2738face,Sam Ouyang,2025-01-31,17:04:03,-08:00,2025-01-31T17:04:03-08:00,0,26
global.js,4,js,1a45b8c7,Sam Ouyang,2025-01-31,16:40:02,-08:00,2025-01-31T16:40:02-08:00,0,0
global.js,5,js,9d5d219d,Sam Ouyang,2025-01-31,17:20:28,-08:00,2025-01-31T17:20:28-08:00,0,0
global.js,6,js,1a45b8c7,Sam Ouyang,2025-01-31,16:40:02,-08:00,2025-01-31T16:40:02-08:00,0,42
global.js,7,js,1a45b8c7,Sam Ouyang,2025-01-31,16:40:02,-08:00,2025-01-31T16:40:02-08:00,0,53
global.js,8,js,1a45b8c7,Sam Ouyang,2025-01-31,16:40:02,-08:00,2025-01-31T16:40:02-08:00,0,0
global.js,9,js,1a45b8c7,Sam Ouyang,2025-01-31,16:40:02,-08:00,2025-01-31T16:40:02-08:00,0,0
global.js,10,js,1a45b8c7,Sam Ouyang,2025-01-31,16:40:02,-08:00,2025-01-31T16:40:02-08:00,0,12
global.js,11,js,5b005a74,Sam Ouyang,2025-02-01,17:21:15,-08:00,2025-02-01T17:21:15-08:00,0,26
global.js,12,js,5b005a74,Sam Ouyang,2025-02-01,17:21:15,-08:00,2025-02-01T17:21:15-08:00,0,39
global.js,13,js,5b005a74,Sam Ouyang,2025-02-01,17:21:15,-08:00,2025-02-01T17:21:15-08:00,0,38
global.js,14,js,5b005a74,Sam Ouyang,2025-02-01,17:21:15,-08:00,2025-02-01T17:21:15-08:00,0,35
global.js,15,js,00000000,Not Committed Yet,2025-02-14,17:54:12,-08:00,2025-02-14T17:54:12-08:00,0,31
global.js,16,js,5b005a74,Sam Ouyang,2025-02-01,17:21:15,-08:00,2025-02-01T17:21:15-08:00,0,57
global.js,17,js,1a45b8c7,Sam Ouyang,2025-01-31,16:40:02,-08:00,2025-01-31T16:40:02-08:00,0,1
global.js,18,js,1a45b8c7,Sam Ouyang,2025-01-31,16:40:02,-08:00,2025-01-31T16:40:02-08:00,0,0
global.js,19,js,5b005a74,Sam Ouyang,2025-02-01,17:21:15,-08:00,2025-02-01T17:21:15-08:00,0,15
global.js,20,js,5b005a74,Sam Ouyang,2025-02-01,17:21:15,-08:00,2025-02-01T17:21:15-08:00,0,0
global.js,21,js,5b005a74,Sam Ouyang,2025-02-01,17:21:15,-08:00,2025-02-01T17:21:15-08:00,0,89
global.js,22,js,5b005a74,Sam Ouyang,2025-02-01,17:21:15,-08:00,2025-02-01T17:21:15-08:00,0,33
global.js,23,js,5b005a74,Sam Ouyang,2025-02-01,17:21:15,-08:00,2025-02-01T17:21:15-08:00,0,0
global.js,24,js,5b005a74,Sam Ouyang,2025-02-01,17:21:15,-08:00,2025-02-01T17:21:15-08:00,0,5
global.js,25,js,5b005a74,Sam Ouyang,2025-02-01,17:21:15,-08:00,2025-02-01T17:21:15-08:00,0,22
global.js,26,js,5b005a74,Sam Ouyang,2025-02-01,17:21:15,-08:00,2025-02-01T17:21:15-08:00,0,0
global.js,27,js,5b005a74,Sam Ouyang,2025-02-01,17:21:15,-08:00,2025-02-01T17:21:15-08:00,0,0
global.js,28,js,5b005a74,Sam Ouyang,2025-02-01,17:21:15,-08:00,2025-02-01T17:21:15-08:00,0,0
global.js,29,js,1a45b8c7,Sam Ouyang,2025-01-31,16:40:02,-08:00,2025-01-31T16:40:02-08:00,0,39
global.js,30,js,1a45b8c7,Sam Ouyang,2025-01-31,16:40:02,-08:00,2025-01-31T16:40:02-08:00,0,26
global.js,31,js,1a45b8c7,Sam Ouyang,2025-01-31,16:40:02,-08:00,2025-01-31T16:40:02-08:00,0,0
global.js,32,js,28a27bf1,Sam Ouyang,2025-01-31,17:46:27,-08:00,2025-01-31T17:46:27-08:00,0,71
global.js,33,js,9d5d219d,Sam Ouyang,2025-01-31,17:20:28,-08:00,2025-01-31T17:20:28-08:00,0,0
global.js,34,js,9c10217d,Sam Ouyang,2025-02-01,16:43:40,-08:00,2025-02-01T16:43:40-08:00,0,0
global.js,35,js,1a45b8c7,Sam Ouyang,2025-01-31,16:40:02,-08:00,2025-01-31T16:40:02-08:00,0,21
global.js,36,js,28a27bf1,Sam Ouyang,2025-01-31,17:46:27,-08:00,2025-01-31T17:46:27-08:00,0,15
global.js,37,js,1a45b8c7,Sam Ouyang,2025-01-31,16:40:02,-08:00,2025-01-31T16:40:02-08:00,0,19
global.js,38,js,9c10217d,Sam Ouyang,2025-02-01,16:43:40,-08:00,2025-02-01T16:43:40-08:00,0,0
global.js,39,js,5b005a74,Sam Ouyang,2025-02-01,17:21:15,-08:00,2025-02-01T17:21:15-08:00,0,55
global.js,40,js,5b005a74,Sam Ouyang,2025-02-01,17:21:15,-08:00,2025-02-01T17:21:15-08:00,0,68
global.js,41,js,9c10217d,Sam Ouyang,2025-02-01,16:43:40,-08:00,2025-02-01T16:43:40-08:00,0,0
global.js,42,js,9d5d219d,Sam Ouyang,2025-01-31,17:20:28,-08:00,2025-01-31T17:20:28-08:00,0,0
global.js,43,js,1a45b8c7,Sam Ouyang,2025-01-31,16:40:02,-08:00,2025-01-31T16:40:02-08:00,0,0
global.js,44,js,1a45b8c7,Sam Ouyang,2025-01-31,16:40:02,-08:00,2025-01-31T16:40:02-08:00,0,0
global.js,45,js,28a27bf1,Sam Ouyang,2025-01-31,17:46:27,-08:00,2025-01-31T17:46:27-08:00,0,0
global.js,46,js,9d5d219d,Sam Ouyang,2025-01-31,17:20:28,-08:00,2025-01-31T17:20:28-08:00,0,0
global.js,47,js,aaa325d4,Sam Ouyang,2025-01-31,16:45:59,-08:00,2025-01-31T16:45:59-08:00,0,37
global.js,48,js,aaa325d4,Sam Ouyang,2025-01-31,16:45:59,-08:00,2025-01-31T16:45:59-08:00,0,4
global.js,49,js,2a2fb9d0,Sam Ouyang,2025-02-01,22:04:36,-08:00,2025-02-01T22:04:36-08:00,0,33
global.js,50,js,f9711c22,Sam Ouyang,2025-01-31,17:23:22,-08:00,2025-01-31T17:23:22-08:00,0,0
global.js,51,js,2a2fb9d0,Sam Ouyang,2025-02-01,22:04:36,-08:00,2025-02-01T22:04:36-08:00,0,18
global.js,52,js,2a2fb9d0,Sam Ouyang,2025-02-01,22:04:36,-08:00,2025-02-01T22:04:36-08:00,0,67
global.js,53,js,2a2fb9d0,Sam Ouyang,2025-02-01,22:04:36,-08:00,2025-02-01T22:04:36-08:00,0,0
global.js,54,js,2a2fb9d0,Sam Ouyang,2025-02-01,22:04:36,-08:00,2025-02-01T22:04:36-08:00,0,20
global.js,55,js,9d5d219d,Sam Ouyang,2025-01-31,17:20:28,-08:00,2025-01-31T17:20:28-08:00,0,0
global.js,56,js,2a2fb9d0,Sam Ouyang,2025-02-01,22:04:36,-08:00,2025-02-01T22:04:36-08:00,0,34
global.js,57,js,2a2fb9d0,Sam Ouyang,2025-02-01,22:04:36,-08:00,2025-02-01T22:04:36-08:00,0,11
global.js,58,js,9d5d219d,Sam Ouyang,2025-01-31,17:20:28,-08:00,2025-01-31T17:20:28-08:00,0,0
global.js,59,js,9d5d219d,Sam Ouyang,2025-01-31,17:20:28,-08:00,2025-01-31T17:20:28-08:00,0,0
global.js,60,js,9d5d219d,Sam Ouyang,2025-01-31,17:20:28,-08:00,2025-01-31T17:20:28-08:00,0,0
global.js,61,js,aaa325d4,Sam Ouyang,2025-01-31,16:45:59,-08:00,2025-01-31T16:45:59-08:00,0,16
global.js,62,js,9d5d219d,Sam Ouyang,2025-01-31,17:20:28,-08:00,2025-01-31T17:20:28-08:00,0,60
global.js,63,js,aaa325d4,Sam Ouyang,2025-01-31,16:45:59,-08:00,2025-01-31T16:45:59-08:00,0,0
global.js,64,js,9d5d219d,Sam Ouyang,2025-01-31,17:20:28,-08:00,2025-01-31T17:20:28-08:00,0,0
global.js,65,js,aaa325d4,Sam Ouyang,2025-01-31,16:45:59,-08:00,2025-01-31T16:45:59-08:00,0,0
global.js,66,js,aaa325d4,Sam Ouyang,2025-01-31,16:45:59,-08:00,2025-01-31T16:45:59-08:00,0,0
global.js,67,js,9d5d219d,Sam Ouyang,2025-01-31,17:20:28,-08:00,2025-01-31T17:20:28-08:00,0,0
global.js,68,js,9d5d219d,Sam Ouyang,2025-01-31,17:20:28,-08:00,2025-01-31T17:20:28-08:00,0,0
global.js,69,js,1e7887ec,Sam Ouyang,2025-01-31,18:04:57,-08:00,2025-01-31T18:04:57-08:00,0,0
global.js,70,js,aaa325d4,Sam Ouyang,2025-01-31,16:45:59,-08:00,2025-01-31T16:45:59-08:00,0,79
global.js,71,js,f9711c22,Sam Ouyang,2025-01-31,17:23:22,-08:00,2025-01-31T17:23:22-08:00,0,0
global.js,72,js,aaa325d4,Sam Ouyang,2025-01-31,16:45:59,-08:00,2025-01-31T16:45:59-08:00,0,31
global.js,73,js,aaa325d4,Sam Ouyang,2025-01-31,16:45:59,-08:00,2025-01-31T16:45:59-08:00,0,0
global.js,74,js,9d5d219d,Sam Ouyang,2025-01-31,17:20:28,-08:00,2025-01-31T17:20:28-08:00,0,22
global.js,75,js,aaa325d4,Sam Ouyang,2025-01-31,16:45:59,-08:00,2025-01-31T16:45:59-08:00,0,49
global.js,76,js,aaa325d4,Sam Ouyang,2025-01-31,16:45:59,-08:00,2025-01-31T16:45:59-08:00,0,20
global.js,77,js,2afaa81c,Sam Ouyang,2025-02-01,18:46:00,-08:00,2025-02-01T18:46:00-08:00,0,18
global.js,78,js,2afaa81c,Sam Ouyang,2025-02-01,18:46:00,-08:00,2025-02-01T18:46:00-08:00,0,38
global.js,79,js,5e6ea7d8,Sam Ouyang,2025-02-07,16:37:03,-08:00,2025-02-07T16:37:03-08:00,0,0
global.js,80,js,5e6ea7d8,Sam Ouyang,2025-02-07,16:37:03,-08:00,2025-02-07T16:37:03-08:00,0,28
global.js,81,js,5e6ea7d8,Sam Ouyang,2025-02-07,16:37:03,-08:00,2025-02-07T16:37:03-08:00,0,22
global.js,82,js,5e6ea7d8,Sam Ouyang,2025-02-07,16:37:03,-08:00,2025-02-07T16:37:03-08:00,0,70
global.js,83,js,5e6ea7d8,Sam Ouyang,2025-02-07,16:37:03,-08:00,2025-02-07T16:37:03-08:00,0,5
global.js,84,js,9d5d219d,Sam Ouyang,2025-01-31,17:20:28,-08:00,2025-01-31T17:20:28-08:00,0,1
global.js,85,js,aaa325d4,Sam Ouyang,2025-01-31,16:45:59,-08:00,2025-01-31T16:45:59-08:00,0,37
global.js,86,js,aaa325d4,Sam Ouyang,2025-01-31,16:45:59,-08:00,2025-01-31T16:45:59-08:00,0,0
global.js,87,js,5e6ea7d8,Sam Ouyang,2025-02-07,16:37:03,-08:00,2025-02-07T16:37:03-08:00,0,0
global.js,88,js,9d5d219d,Sam Ouyang,2025-01-31,17:20:28,-08:00,2025-01-31T17:20:28-08:00,0,0
global.js,89,js,9d5d219d,Sam Ouyang,2025-01-31,17:20:28,-08:00,2025-01-31T17:20:28-08:00,0,0
global.js,90,js,5b005a74,Sam Ouyang,2025-02-01,17:21:15,-08:00,2025-02-01T17:21:15-08:00,0,0
global.js,91,js,5b005a74,Sam Ouyang,2025-02-01,17:21:15,-08:00,2025-02-01T17:21:15-08:00,0,0
global.js,92,js,5b005a74,Sam Ouyang,2025-02-01,17:21:15,-08:00,2025-02-01T17:21:15-08:00,0,0
global.js,93,js,4fe93e35,Sam Ouyang,2025-02-01,19:39:56,-08:00,2025-02-01T19:39:56-08:00,0,48
global.js,94,js,4fe93e35,Sam Ouyang,2025-02-01,19:39:56,-08:00,2025-02-01T19:39:56-08:00,0,60
global.js,95,js,4fe93e35,Sam Ouyang,2025-02-01,19:39:56,-08:00,2025-02-01T19:39:56-08:00,0,0
global.js,96,js,4fe93e35,Sam Ouyang,2025-02-01,19:39:56,-08:00,2025-02-01T19:39:56-08:00,0,0
global.js,97,js,4fe93e35,Sam Ouyang,2025-02-01,19:39:56,-08:00,2025-02-01T19:39:56-08:00,0,0
global.js,98,js,2a2fb9d0,Sam Ouyang,2025-02-01,22:04:36,-08:00,2025-02-01T22:04:36-08:00,0,0
resume/index.html,1,html,e483d94c,Sam Ouyang,2025-01-10,16:08:21,-08:00,2025-01-10T16:08:21-08:00,0,14
resume/index.html,2,html,e483d94c,Sam Ouyang,2025-01-10,16:08:21,-08:00,2025-01-10T16:08:21-08:00,0,15
resume/index.html,3,html,e483d94c,Sam Ouyang,2025-01-10,16:08:21,-08:00,2025-01-10T16:08:21-08:00,0,5
resume/index.html,4,html,e483d94c,Sam Ouyang,2025-01-10,16:08:21,-08:00,2025-01-10T16:08:21-08:00,0,21
resume/index.html,5,html,e483d94c,Sam Ouyang,2025-01-10,16:08:21,-08:00,2025-01-10T16:08:21-08:00,0,69
resume/index.html,6,html,e483d94c,Sam Ouyang,2025-01-10,16:08:21,-08:00,2025-01-10T16:08:21-08:00,0,32
resume/index.html,7,html,e483d94c,Sam Ouyang,2025-01-10,16:08:21,-08:00,2025-01-10T16:08:21-08:00,0,42
resume/index.html,8,html,92965e58,Sam Ouyang,2025-01-24,13:03:53,-08:00,2025-01-24T13:03:53-08:00,0,55
resume/index.html,9,html,e483d94c,Sam Ouyang,2025-01-10,16:08:21,-08:00,2025-01-10T16:08:21-08:00,0,6
resume/index.html,10,html,e483d94c,Sam Ouyang,2025-01-10,16:08:21,-08:00,2025-01-10T16:08:21-08:00,0,0
resume/index.html,11,html,e483d94c,Sam Ouyang,2025-01-10,16:08:21,-08:00,2025-01-10T16:08:21-08:00,0,5
resume/index.html,12,html,3e693989,Sam Ouyang,2025-01-25,20:12:46,-08:00,2025-01-25T20:12:46-08:00,0,74
resume/index.html,13,html,8e4713b2,Sam Ouyang,2025-01-25,18:58:40,-08:00,2025-01-25T18:58:40-08:00,0,32
resume/index.html,14,html,fbc7d6b7,Sam Ouyang,2025-02-01,19:14:30,-08:00,2025-02-01T19:14:30-08:00,0,35
resume/index.html,15,html,8e4713b2,Sam Ouyang,2025-01-25,18:58:40,-08:00,2025-01-25T18:58:40-08:00,0,43
resume/index.html,16,html,8e4713b2,Sam Ouyang,2025-01-25,18:58:40,-08:00,2025-01-25T18:58:40-08:00,0,33
resume/index.html,17,html,8e4713b2,Sam Ouyang,2025-01-25,18:58:40,-08:00,2025-01-25T18:58:40-08:00,0,8
resume/index.html,18,html,8e4713b2,Sam Ouyang,2025-01-25,18:58:40,-08:00,2025-01-25T18:58:40-08:00,0,0
resume/index.html,19,html,e483d94c,Sam Ouyang,2025-01-10,16:08:21,-08:00,2025-01-10T16:08:21-08:00,0,4
resume/index.html,20,html,92965e58,Sam Ouyang,2025-01-24,13:03:53,-08:00,2025-01-24T13:03:53-08:00,0,0
resume/index.html,21,html,92965e58,Sam Ouyang,2025-01-24,13:03:53,-08:00,2025-01-24T13:03:53-08:00,0,5
resume/index.html,22,html,8e4713b2,Sam Ouyang,2025-01-25,18:58:40,-08:00,2025-01-25T18:58:40-08:00,0,0
resume/index.html,23,html,92965e58,Sam Ouyang,2025-01-24,13:03:53,-08:00,2025-01-24T13:03:53-08:00,0,9
resume/index.html,24,html,e483d94c,Sam Ouyang,2025-01-10,16:08:21,-08:00,2025-01-10T16:08:21-08:00,0,3
resume/index.html,25,html,e483d94c,Sam Ouyang,2025-01-10,16:08:21,-08:00,2025-01-10T16:08:21-08:00,0,40
resume/index.html,26,html,e483d94c,Sam Ouyang,2025-01-10,16:08:21,-08:00,2025-01-10T16:08:21-08:00,0,53
resume/index.html,27,html,e483d94c,Sam Ouyang,2025-01-10,16:08:21,-08:00,2025-01-10T16:08:21-08:00,0,51
resume/index.html,28,html,e483d94c,Sam Ouyang,2025-01-10,16:08:21,-08:00,2025-01-10T16:08:21-08:00,0,74
resume/index.html,29,html,92965e58,Sam Ouyang,2025-01-24,13:03:53,-08:00,2025-01-24T13:03:53-08:00,0,49
resume/index.html,30,html,e483d94c,Sam Ouyang,2025-01-10,16:08:21,-08:00,2025-01-10T16:08:21-08:00,0,4
resume/index.html,31,html,92965e58,Sam Ouyang,2025-01-24,13:03:53,-08:00,2025-01-24T13:03:53-08:00,0,9
resume/index.html,32,html,e483d94c,Sam Ouyang,2025-01-10,16:08:21,-08:00,2025-01-10T16:08:21-08:00,0,6
resume/index.html,33,html,e483d94c,Sam Ouyang,2025-01-10,16:08:21,-08:00,2025-01-10T16:08:21-08:00,0,0
resume/index.html,34,html,e483d94c,Sam Ouyang,2025-01-10,16:08:21,-08:00,2025-01-10T16:08:21-08:00,0,0
resume/index.html,35,html,e483d94c,Sam Ouyang,2025-01-10,16:08:21,-08:00,2025-01-10T16:08:21-08:00,0,5
resume/index.html,36,html,e483d94c,Sam Ouyang,2025-01-10,16:08:21,-08:00,2025-01-10T16:08:21-08:00,0,19
resume/index.html,37,html,e483d94c,Sam Ouyang,2025-01-10,16:08:21,-08:00,2025-01-10T16:08:21-08:00,0,18
resume/index.html,38,html,e483d94c,Sam Ouyang,2025-01-10,16:08:21,-08:00,2025-01-10T16:08:21-08:00,0,92
resume/index.html,39,html,e483d94c,Sam Ouyang,2025-01-10,16:08:21,-08:00,2025-01-10T16:08:21-08:00,0,5
resume/index.html,40,html,e483d94c,Sam Ouyang,2025-01-10,16:08:21,-08:00,2025-01-10T16:08:21-08:00,0,0
resume/index.html,41,html,e483d94c,Sam Ouyang,2025-01-10,16:08:21,-08:00,2025-01-10T16:08:21-08:00,0,20
resume/index.html,42,html,e483d94c,Sam Ouyang,2025-01-10,16:08:21,-08:00,2025-01-10T16:08:21-08:00,0,39
resume/index.html,43,html,e483d94c,Sam Ouyang,2025-01-10,16:08:21,-08:00,2025-01-10T16:08:21-08:00,0,55
resume/index.html,44,html,e483d94c,Sam Ouyang,2025-01-10,16:08:21,-08:00,2025-01-10T16:08:21-08:00,0,54
resume/index.html,45,html,e483d94c,Sam Ouyang,2025-01-10,16:08:21,-08:00,2025-01-10T16:08:21-08:00,0,35
resume/index.html,46,html,e483d94c,Sam Ouyang,2025-01-10,16:08:21,-08:00,2025-01-10T16:08:21-08:00,0,5
resume/index.html,47,html,e483d94c,Sam Ouyang,2025-01-10,16:08:21,-08:00,2025-01-10T16:08:21-08:00,0,0
resume/index.html,48,html,e483d94c,Sam Ouyang,2025-01-10,16:08:21,-08:00,2025-01-10T16:08:21-08:00,0,20
resume/index.html,49,html,e483d94c,Sam Ouyang,2025-01-10,16:08:21,-08:00,2025-01-10T16:08:21-08:00,0,40
resume/index.html,50,html,e483d94c,Sam Ouyang,2025-01-10,16:08:21,-08:00,2025-01-10T16:08:21-08:00,0,77
resume/index.html,51,html,e483d94c,Sam Ouyang,2025-01-10,16:08:21,-08:00,2025-01-10T16:08:21-08:00,0,29
resume/index.html,52,html,e483d94c,Sam Ouyang,2025-01-10,16:08:21,-08:00,2025-01-10T16:08:21-08:00,0,3
resume/index.html,53,html,e483d94c,Sam Ouyang,2025-01-10,16:08:21,-08:00,2025-01-10T16:08:21-08:00,0,240
resume/index.html,54,html,e483d94c,Sam Ouyang,2025-01-10,16:08:21,-08:00,2025-01-10T16:08:21-08:00,0,131
resume/index.html,55,html,e483d94c,Sam Ouyang,2025-01-10,16:08:21,-08:00,2025-01-10T16:08:21-08:00,0,85
resume/index.html,56,html,e483d94c,Sam Ouyang,2025-01-10,16:08:21,-08:00,2025-01-10T16:08:21-08:00,0,4
resume/index.html,57,html,e483d94c,Sam Ouyang,2025-01-10,16:08:21,-08:00,2025-01-10T16:08:21-08:00,0,0
resume/index.html,58,html,e483d94c,Sam Ouyang,2025-01-10,16:08:21,-08:00,2025-01-10T16:08:21-08:00,0,59
resume/index.html,59,html,e483d94c,Sam Ouyang,2025-01-10,16:08:21,-08:00,2025-01-10T16:08:21-08:00,0,32
resume/index.html,60,html,e483d94c,Sam Ouyang,2025-01-10,16:08:21,-08:00,2025-01-10T16:08:21-08:00,0,3
resume/index.html,61,html,e483d94c,Sam Ouyang,2025-01-10,16:08:21,-08:00,2025-01-10T16:08:21-08:00,0,91
resume/index.html,62,html,e483d94c,Sam Ouyang,2025-01-10,16:08:21,-08:00,2025-01-10T16:08:21-08:00,0,91
resume/index.html,63,html,e483d94c,Sam Ouyang,2025-01-10,16:08:21,-08:00,2025-01-10T16:08:21-08:00,0,61
resume/index.html,64,html,e483d94c,Sam Ouyang,2025-01-10,16:08:21,-08:00,2025-01-10T16:08:21-08:00,0,36
resume/index.html,65,html,e483d94c,Sam Ouyang,2025-01-10,16:08:21,-08:00,2025-01-10T16:08:21-08:00,0,4
resume/index.html,66,html,e483d94c,Sam Ouyang,2025-01-10,16:08:21,-08:00,2025-01-10T16:08:21-08:00,0,0
resume/index.html,67,html,e483d94c,Sam Ouyang,2025-01-10,16:08:21,-08:00,2025-01-10T16:08:21-08:00,0,51
resume/index.html,68,html,e483d94c,Sam Ouyang,2025-01-10,16:08:21,-08:00,2025-01-10T16:08:21-08:00,0,32
resume/index.html,69,html,e483d94c,Sam Ouyang,2025-01-10,16:08:21,-08:00,2025-01-10T16:08:21-08:00,0,3
resume/index.html,70,html,e483d94c,Sam Ouyang,2025-01-10,16:08:21,-08:00,2025-01-10T16:08:21-08:00,0,92
resume/index.html,71,html,e483d94c,Sam Ouyang,2025-01-10,16:08:21,-08:00,2025-01-10T16:08:21-08:00,0,60
resume/index.html,72,html,e483d94c,Sam Ouyang,2025-01-10,16:08:21,-08:00,2025-01-10T16:08:21-08:00,0,117
resume/index.html,73,html,e483d94c,Sam Ouyang,2025-01-10,16:08:21,-08:00,2025-01-10T16:08:21-08:00,0,82
resume/index.html,74,html,e483d94c,Sam Ouyang,2025-01-10,16:08:21,-08:00,2025-01-10T16:08:21-08:00,0,4
resume/index.html,75,html,e483d94c,Sam Ouyang,2025-01-10,16:08:21,-08:00,2025-01-10T16:08:21-08:00,0,5
resume/index.html,76,html,e483d94c,Sam Ouyang,2025-01-10,16:08:21,-08:00,2025-01-10T16:08:21-08:00,0,0
resume/index.html,77,html,e483d94c,Sam Ouyang,2025-01-10,16:08:21,-08:00,2025-01-10T16:08:21-08:00,0,20
resume/index.html,78,html,e483d94c,Sam Ouyang,2025-01-10,16:08:21,-08:00,2025-01-10T16:08:21-08:00,0,40
resume/index.html,79,html,e483d94c,Sam Ouyang,2025-01-10,16:08:21,-08:00,2025-01-10T16:08:21-08:00,0,55
resume/index.html,80,html,e483d94c,Sam Ouyang,2025-01-10,16:08:21,-08:00,2025-01-10T16:08:21-08:00,0,28
resume/index.html,81,html,e483d94c,Sam Ouyang,2025-01-10,16:08:21,-08:00,2025-01-10T16:08:21-08:00,0,0
resume/index.html,82,html,e483d94c,Sam Ouyang,2025-01-10,16:08:21,-08:00,2025-01-10T16:08:21-08:00,0,70
resume/index.html,83,html,e483d94c,Sam Ouyang,2025-01-10,16:08:21,-08:00,2025-01-10T16:08:21-08:00,0,26
resume/index.html,84,html,e483d94c,Sam Ouyang,2025-01-10,16:08:21,-08:00,2025-01-10T16:08:21-08:00,0,5
resume/index.html,85,html,e483d94c,Sam Ouyang,2025-01-10,16:08:21,-08:00,2025-01-10T16:08:21-08:00,0,0
resume/index.html,86,html,e483d94c,Sam Ouyang,2025-01-10,16:08:21,-08:00,2025-01-10T16:08:21-08:00,0,20
resume/index.html,87,html,e483d94c,Sam Ouyang,2025-01-10,16:08:21,-08:00,2025-01-10T16:08:21-08:00,0,36
resume/index.html,88,html,e483d94c,Sam Ouyang,2025-01-10,16:08:21,-08:00,2025-01-10T16:08:21-08:00,0,40
resume/index.html,89,html,e483d94c,Sam Ouyang,2025-01-10,16:08:21,-08:00,2025-01-10T16:08:21-08:00,0,5
resume/index.html,90,html,e483d94c,Sam Ouyang,2025-01-10,16:08:21,-08:00,2025-01-10T16:08:21-08:00,0,6
resume/index.html,91,html,e483d94c,Sam Ouyang,2025-01-10,16:08:21,-08:00,2025-01-10T16:08:21-08:00,0,0
resume/index.html,92,html,e483d94c,Sam Ouyang,2025-01-10,16:08:21,-08:00,2025-01-10T16:08:21-08:00,0,0
resume/index.html,93,html,e483d94c,Sam Ouyang,2025-01-10,16:08:21,-08:00,2025-01-10T16:08:21-08:00,0,6
projects/projects.js,1,js,5e6ea7d8,Sam Ouyang,2025-02-07,16:37:03,-08:00,2025-02-07T16:37:03-08:00,0,64
projects/projects.js,2,js,5e6ea7d8,Sam Ouyang,2025-02-07,16:37:03,-08:00,2025-02-07T16:37:03-08:00,0,0
projects/projects.js,3,js,fbc7d6b7,Sam Ouyang,2025-02-01,19:14:30,-08:00,2025-02-01T19:14:30-08:00,0,56
projects/projects.js,4,js,fbc7d6b7,Sam Ouyang,2025-02-01,19:14:30,-08:00,2025-02-01T19:14:30-08:00,0,0
projects/projects.js,5,js,fbc7d6b7,Sam Ouyang,2025-02-01,19:14:30,-08:00,2025-02-01T19:14:30-08:00,0,56
projects/projects.js,6,js,fbc7d6b7,Sam Ouyang,2025-02-01,19:14:30,-08:00,2025-02-01T19:14:30-08:00,0,0
projects/projects.js,7,js,fbc7d6b7,Sam Ouyang,2025-02-01,19:14:30,-08:00,2025-02-01T19:14:30-08:00,0,61
projects/projects.js,8,js,fbc7d6b7,Sam Ouyang,2025-02-01,19:14:30,-08:00,2025-02-01T19:14:30-08:00,0,0
projects/projects.js,9,js,fbc7d6b7,Sam Ouyang,2025-02-01,19:14:30,-08:00,2025-02-01T19:14:30-08:00,0,0
projects/projects.js,10,js,fbc7d6b7,Sam Ouyang,2025-02-01,19:14:30,-08:00,2025-02-01T19:14:30-08:00,0,63
projects/projects.js,11,js,fbc7d6b7,Sam Ouyang,2025-02-01,19:14:30,-08:00,2025-02-01T19:14:30-08:00,0,36
projects/projects.js,12,js,fbc7d6b7,Sam Ouyang,2025-02-01,19:14:30,-08:00,2025-02-01T19:14:30-08:00,0,54
projects/projects.js,13,js,2a2fb9d0,Sam Ouyang,2025-02-01,22:04:36,-08:00,2025-02-01T22:04:36-08:00,0,0
projects/projects.js,14,js,2a2fb9d0,Sam Ouyang,2025-02-01,22:04:36,-08:00,2025-02-01T22:04:36-08:00,0,49
projects/projects.js,15,js,5e6ea7d8,Sam Ouyang,2025-02-07,16:37:03,-08:00,2025-02-07T16:37:03-08:00,0,0
projects/projects.js,16,js,b745e7ce,Sam Ouyang,2025-02-07,20:21:51,-08:00,2025-02-07T20:21:51-08:00,0,22
projects/projects.js,17,js,b745e7ce,Sam Ouyang,2025-02-07,20:21:51,-08:00,2025-02-07T20:21:51-08:00,0,0
projects/projects.js,18,js,5e6ea7d8,Sam Ouyang,2025-02-07,16:37:03,-08:00,2025-02-07T16:37:03-08:00,0,0
projects/projects.js,19,js,4a18a156,Sam Ouyang,2025-02-07,18:04:59,-08:00,2025-02-07T18:04:59-08:00,0,39
projects/projects.js,20,js,4a18a156,Sam Ouyang,2025-02-07,18:04:59,-08:00,2025-02-07T18:04:59-08:00,0,39
projects/projects.js,21,js,4a18a156,Sam Ouyang,2025-02-07,18:04:59,-08:00,2025-02-07T18:04:59-08:00,0,43
projects/projects.js,22,js,4a18a156,Sam Ouyang,2025-02-07,18:04:59,-08:00,2025-02-07T18:04:59-08:00,0,44
projects/projects.js,23,js,5e6ea7d8,Sam Ouyang,2025-02-07,16:37:03,-08:00,2025-02-07T16:37:03-08:00,0,0
projects/projects.js,24,js,4a18a156,Sam Ouyang,2025-02-07,18:04:59,-08:00,2025-02-07T18:04:59-08:00,0,26
projects/projects.js,25,js,4a18a156,Sam Ouyang,2025-02-07,18:04:59,-08:00,2025-02-07T18:04:59-08:00,0,30
projects/projects.js,26,js,4a18a156,Sam Ouyang,2025-02-07,18:04:59,-08:00,2025-02-07T18:04:59-08:00,0,13
projects/projects.js,27,js,4a18a156,Sam Ouyang,2025-02-07,18:04:59,-08:00,2025-02-07T18:04:59-08:00,0,15
projects/projects.js,28,js,4a18a156,Sam Ouyang,2025-02-07,18:04:59,-08:00,2025-02-07T18:04:59-08:00,0,13
projects/projects.js,29,js,4a18a156,Sam Ouyang,2025-02-07,18:04:59,-08:00,2025-02-07T18:04:59-08:00,0,1
projects/projects.js,30,js,4a18a156,Sam Ouyang,2025-02-07,18:04:59,-08:00,2025-02-07T18:04:59-08:00,0,0
projects/projects.js,31,js,4a18a156,Sam Ouyang,2025-02-07,18:04:59,-08:00,2025-02-07T18:04:59-08:00,0,19
projects/projects.js,32,js,4a18a156,Sam Ouyang,2025-02-07,18:04:59,-08:00,2025-02-07T18:04:59-08:00,0,51
projects/projects.js,33,js,4a18a156,Sam Ouyang,2025-02-07,18:04:59,-08:00,2025-02-07T18:04:59-08:00,0,36
projects/projects.js,34,js,4a18a156,Sam Ouyang,2025-02-07,18:04:59,-08:00,2025-02-07T18:04:59-08:00,0,2
projects/projects.js,35,js,4a18a156,Sam Ouyang,2025-02-07,18:04:59,-08:00,2025-02-07T18:04:59-08:00,0,0
projects/projects.js,36,js,4a18a156,Sam Ouyang,2025-02-07,18:04:59,-08:00,2025-02-07T18:04:59-08:00,0,52
projects/projects.js,37,js,4a18a156,Sam Ouyang,2025-02-07,18:04:59,-08:00,2025-02-07T18:04:59-08:00,0,58
projects/projects.js,38,js,4a18a156,Sam Ouyang,2025-02-07,18:04:59,-08:00,2025-02-07T18:04:59-08:00,0,54
projects/projects.js,39,js,4a18a156,Sam Ouyang,2025-02-07,18:04:59,-08:00,2025-02-07T18:04:59-08:00,0,43
projects/projects.js,40,js,4a18a156,Sam Ouyang,2025-02-07,18:04:59,-08:00,2025-02-07T18:04:59-08:00,0,52
projects/projects.js,41,js,4a18a156,Sam Ouyang,2025-02-07,18:04:59,-08:00,2025-02-07T18:04:59-08:00,0,0
projects/projects.js,42,js,4a18a156,Sam Ouyang,2025-02-07,18:04:59,-08:00,2025-02-07T18:04:59-08:00,0,43
projects/projects.js,43,js,4a18a156,Sam Ouyang,2025-02-07,18:04:59,-08:00,2025-02-07T18:04:59-08:00,0,56
projects/projects.js,44,js,4a18a156,Sam Ouyang,2025-02-07,18:04:59,-08:00,2025-02-07T18:04:59-08:00,0,0
projects/projects.js,45,js,4a18a156,Sam Ouyang,2025-02-07,18:04:59,-08:00,2025-02-07T18:04:59-08:00,0,20
projects/projects.js,46,js,4a18a156,Sam Ouyang,2025-02-07,18:04:59,-08:00,2025-02-07T18:04:59-08:00,0,48
projects/projects.js,47,js,b745e7ce,Sam Ouyang,2025-02-07,20:21:51,-08:00,2025-02-07T20:21:51-08:00,0,0
projects/projects.js,48,js,b745e7ce,Sam Ouyang,2025-02-07,20:21:51,-08:00,2025-02-07T20:21:51-08:00,0,0
projects/projects.js,49,js,4a18a156,Sam Ouyang,2025-02-07,18:04:59,-08:00,2025-02-07T18:04:59-08:00,0,30
projects/projects.js,50,js,4a18a156,Sam Ouyang,2025-02-07,18:04:59,-08:00,2025-02-07T18:04:59-08:00,0,15
projects/projects.js,51,js,4a18a156,Sam Ouyang,2025-02-07,18:04:59,-08:00,2025-02-07T18:04:59-08:00,0,14
projects/projects.js,52,js,4a18a156,Sam Ouyang,2025-02-07,18:04:59,-08:00,2025-02-07T18:04:59-08:00,0,14
projects/projects.js,53,js,b745e7ce,Sam Ouyang,2025-02-07,20:21:51,-08:00,2025-02-07T20:21:51-08:00,0,25
projects/projects.js,54,js,e65b2a9a,Sam Ouyang,2025-02-12,11:18:14,-08:00,2025-02-12T11:18:14-08:00,0,25
projects/projects.js,55,js,e65b2a9a,Sam Ouyang,2025-02-12,11:18:14,-08:00,2025-02-12T11:18:14-08:00,0,27
projects/projects.js,56,js,e65b2a9a,Sam Ouyang,2025-02-12,11:18:14,-08:00,2025-02-12T11:18:14-08:00,0,20
projects/projects.js,57,js,e65b2a9a,Sam Ouyang,2025-02-12,11:18:14,-08:00,2025-02-12T11:18:14-08:00,0,18
projects/projects.js,58,js,e65b2a9a,Sam Ouyang,2025-02-12,11:18:14,-08:00,2025-02-12T11:18:14-08:00,0,69
projects/projects.js,59,js,e65b2a9a,Sam Ouyang,2025-02-12,11:18:14,-08:00,2025-02-12T11:18:14-08:00,0,69
projects/projects.js,60,js,e65b2a9a,Sam Ouyang,2025-02-12,11:18:14,-08:00,2025-02-12T11:18:14-08:00,0,46
projects/projects.js,61,js,e65b2a9a,Sam Ouyang,2025-02-12,11:18:14,-08:00,2025-02-12T11:18:14-08:00,0,75
projects/projects.js,62,js,b745e7ce,Sam Ouyang,2025-02-07,20:21:51,-08:00,2025-02-07T20:21:51-08:00,0,7
projects/projects.js,63,js,e65b2a9a,Sam Ouyang,2025-02-12,11:18:14,-08:00,2025-02-12T11:18:14-08:00,0,18
projects/projects.js,64,js,e65b2a9a,Sam Ouyang,2025-02-12,11:18:14,-08:00,2025-02-12T11:18:14-08:00,0,19
projects/projects.js,65,js,e65b2a9a,Sam Ouyang,2025-02-12,11:18:14,-08:00,2025-02-12T11:18:14-08:00,0,93
projects/projects.js,66,js,e65b2a9a,Sam Ouyang,2025-02-12,11:18:14,-08:00,2025-02-12T11:18:14-08:00,0,72
projects/projects.js,67,js,e65b2a9a,Sam Ouyang,2025-02-12,11:18:14,-08:00,2025-02-12T11:18:14-08:00,0,69
projects/projects.js,68,js,e65b2a9a,Sam Ouyang,2025-02-12,11:18:14,-08:00,2025-02-12T11:18:14-08:00,0,85
projects/projects.js,69,js,e65b2a9a,Sam Ouyang,2025-02-12,11:18:14,-08:00,2025-02-12T11:18:14-08:00,0,46
projects/projects.js,70,js,e65b2a9a,Sam Ouyang,2025-02-12,11:18:14,-08:00,2025-02-12T11:18:14-08:00,0,71
projects/projects.js,71,js,e65b2a9a,Sam Ouyang,2025-02-12,11:18:14,-08:00,2025-02-12T11:18:14-08:00,0,0
projects/projects.js,72,js,e65b2a9a,Sam Ouyang,2025-02-12,11:18:14,-08:00,2025-02-12T11:18:14-08:00,0,44
projects/projects.js,73,js,b745e7ce,Sam Ouyang,2025-02-07,20:21:51,-08:00,2025-02-07T20:21:51-08:00,0,37
projects/projects.js,74,js,b745e7ce,Sam Ouyang,2025-02-07,20:21:51,-08:00,2025-02-07T20:21:51-08:00,0,73
projects/projects.js,75,js,b745e7ce,Sam Ouyang,2025-02-07,20:21:51,-08:00,2025-02-07T20:21:51-08:00,0,57
projects/projects.js,76,js,b745e7ce,Sam Ouyang,2025-02-07,20:21:51,-08:00,2025-02-07T20:21:51-08:00,0,0
projects/projects.js,77,js,b745e7ce,Sam Ouyang,2025-02-07,20:21:51,-08:00,2025-02-07T20:21:51-08:00,0,2
projects/projects.js,78,js,e65b2a9a,Sam Ouyang,2025-02-12,11:18:14,-08:00,2025-02-12T11:18:14-08:00,0,2
projects/projects.js,79,js,b745e7ce,Sam Ouyang,2025-02-07,20:21:51,-08:00,2025-02-07T20:21:51-08:00,0,0
projects/projects.js,80,js,4a18a156,Sam Ouyang,2025-02-07,18:04:59,-08:00,2025-02-07T18:04:59-08:00,0,0
projects/projects.js,81,js,4a18a156,Sam Ouyang,2025-02-07,18:04:59,-08:00,2025-02-07T18:04:59-08:00,0,15
projects/projects.js,82,js,4a18a156,Sam Ouyang,2025-02-07,18:04:59,-08:00,2025-02-07T18:04:59-08:00,0,33
projects/projects.js,83,js,4a18a156,Sam Ouyang,2025-02-07,18:04:59,-08:00,2025-02-07T18:04:59-08:00,0,28
projects/projects.js,84,js,4a18a156,Sam Ouyang,2025-02-07,18:04:59,-08:00,2025-02-07T18:04:59-08:00,0,5
projects/projects.js,85,js,4a18a156,Sam Ouyang,2025-02-07,18:04:59,-08:00,2025-02-07T18:04:59-08:00,0,12
projects/projects.js,86,js,4a18a156,Sam Ouyang,2025-02-07,18:04:59,-08:00,2025-02-07T18:04:59-08:00,0,39
projects/projects.js,87,js,4a18a156,Sam Ouyang,2025-02-07,18:04:59,-08:00,2025-02-07T18:04:59-08:00,0,70
projects/projects.js,88,js,4a18a156,Sam Ouyang,2025-02-07,18:04:59,-08:00,2025-02-07T18:04:59-08:00,0,2
projects/projects.js,89,js,5e6ea7d8,Sam Ouyang,2025-02-07,16:37:03,-08:00,2025-02-07T16:37:03-08:00,0,0
projects/projects.js,90,js,b745e7ce,Sam Ouyang,2025-02-07,20:21:51,-08:00,2025-02-07T20:21:51-08:00,0,0
projects/projects.js,91,js,5e6ea7d8,Sam Ouyang,2025-02-07,16:37:03,-08:00,2025-02-07T16:37:03-08:00,0,0
projects/projects.js,92,js,5e6ea7d8,Sam Ouyang,2025-02-07,16:37:03,-08:00,2025-02-07T16:37:03-08:00,0,0
projects/projects.js,93,js,4a18a156,Sam Ouyang,2025-02-07,18:04:59,-08:00,2025-02-07T18:04:59-08:00,0,24
projects/projects.js,94,js,5e6ea7d8,Sam Ouyang,2025-02-07,16:37:03,-08:00,2025-02-07T16:37:03-08:00,0,0
projects/projects.js,95,js,5e6ea7d8,Sam Ouyang,2025-02-07,16:37:03,-08:00,2025-02-07T16:37:03-08:00,0,14
projects/projects.js,96,js,5e6ea7d8,Sam Ouyang,2025-02-07,16:37:03,-08:00,2025-02-07T16:37:03-08:00,0,54
projects/projects.js,97,js,4a18a156,Sam Ouyang,2025-02-07,18:04:59,-08:00,2025-02-07T18:04:59-08:00,0,0
projects/projects.js,98,js,5e6ea7d8,Sam Ouyang,2025-02-07,16:37:03,-08:00,2025-02-07T16:37:03-08:00,0,49
projects/projects.js,99,js,4a18a156,Sam Ouyang,2025-02-07,18:04:59,-08:00,2025-02-07T18:04:59-08:00,0,0
projects/projects.js,100,js,5e6ea7d8,Sam Ouyang,2025-02-07,16:37:03,-08:00,2025-02-07T16:37:03-08:00,0,26
projects/projects.js,101,js,4a18a156,Sam Ouyang,2025-02-07,18:04:59,-08:00,2025-02-07T18:04:59-08:00,0,0
projects/projects.js,102,js,5e6ea7d8,Sam Ouyang,2025-02-07,16:37:03,-08:00,2025-02-07T16:37:03-08:00,0,52
projects/projects.js,103,js,5e6ea7d8,Sam Ouyang,2025-02-07,16:37:03,-08:00,2025-02-07T16:37:03-08:00,0,60
projects/projects.js,104,js,5e6ea7d8,Sam Ouyang,2025-02-07,16:37:03,-08:00,2025-02-07T16:37:03-08:00,0,43
projects/projects.js,105,js,5e6ea7d8,Sam Ouyang,2025-02-07,16:37:03,-08:00,2025-02-07T16:37:03-08:00,0,2
projects/projects.js,106,js,5e6ea7d8,Sam Ouyang,2025-02-07,16:37:03,-08:00,2025-02-07T16:37:03-08:00,0,0
projects/projects.js,107,js,4a18a156,Sam Ouyang,2025-02-07,18:04:59,-08:00,2025-02-07T18:04:59-08:00,0,57
projects/projects.js,108,js,4a18a156,Sam Ouyang,2025-02-07,18:04:59,-08:00,2025-02-07T18:04:59-08:00,0,31
projects/projects.js,109,js,5e6ea7d8,Sam Ouyang,2025-02-07,16:37:03,-08:00,2025-02-07T16:37:03-08:00,0,0
projects/projects.js,110,js,4a18a156,Sam Ouyang,2025-02-07,18:04:59,-08:00,2025-02-07T18:04:59-08:00,0,2
projects/index.html,1,html,35573956,Sam Ouyang,2025-01-10,14:46:37,-08:00,2025-01-10T14:46:37-08:00,0,14
projects/index.html,2,html,35573956,Sam Ouyang,2025-01-10,14:46:37,-08:00,2025-01-10T14:46:37-08:00,0,15
projects/index.html,3,html,35573956,Sam Ouyang,2025-01-10,14:46:37,-08:00,2025-01-10T14:46:37-08:00,0,5
projects/index.html,4,html,35573956,Sam Ouyang,2025-01-10,14:46:37,-08:00,2025-01-10T14:46:37-08:00,0,21
projects/index.html,5,html,35573956,Sam Ouyang,2025-01-10,14:46:37,-08:00,2025-01-10T14:46:37-08:00,0,69
projects/index.html,6,html,35573956,Sam Ouyang,2025-01-10,14:46:37,-08:00,2025-01-10T14:46:37-08:00,0,34
projects/index.html,7,html,35573956,Sam Ouyang,2025-01-10,14:46:37,-08:00,2025-01-10T14:46:37-08:00,0,42
projects/index.html,8,html,2a2fb9d0,Sam Ouyang,2025-02-01,22:04:36,-08:00,2025-02-01T22:04:36-08:00,0,49
projects/index.html,9,html,fbc7d6b7,Sam Ouyang,2025-02-01,19:14:30,-08:00,2025-02-01T19:14:30-08:00,0,49
projects/index.html,10,html,fbc7d6b7,Sam Ouyang,2025-02-01,19:14:30,-08:00,2025-02-01T19:14:30-08:00,0,48
projects/index.html,11,html,fbc7d6b7,Sam Ouyang,2025-02-01,19:14:30,-08:00,2025-02-01T19:14:30-08:00,0,0
projects/index.html,12,html,35573956,Sam Ouyang,2025-01-10,14:46:37,-08:00,2025-01-10T14:46:37-08:00,0,6
projects/index.html,13,html,35573956,Sam Ouyang,2025-01-10,14:46:37,-08:00,2025-01-10T14:46:37-08:00,0,5
projects/index.html,14,html,3e693989,Sam Ouyang,2025-01-25,20:12:46,-08:00,2025-01-25T20:12:46-08:00,0,74
projects/index.html,15,html,8e4713b2,Sam Ouyang,2025-01-25,18:58:40,-08:00,2025-01-25T18:58:40-08:00,0,32
projects/index.html,16,html,fbc7d6b7,Sam Ouyang,2025-02-01,19:14:30,-08:00,2025-02-01T19:14:30-08:00,0,35
projects/index.html,17,html,8e4713b2,Sam Ouyang,2025-01-25,18:58:40,-08:00,2025-01-25T18:58:40-08:00,0,43
projects/index.html,18,html,8e4713b2,Sam Ouyang,2025-01-25,18:58:40,-08:00,2025-01-25T18:58:40-08:00,0,33
projects/index.html,19,html,8e4713b2,Sam Ouyang,2025-01-25,18:58:40,-08:00,2025-01-25T18:58:40-08:00,0,8
projects/index.html,20,html,5e6ea7d8,Sam Ouyang,2025-02-07,16:37:03,-08:00,2025-02-07T16:37:03-08:00,0,0
projects/index.html,21,html,8e4713b2,Sam Ouyang,2025-01-25,18:58:40,-08:00,2025-01-25T18:58:40-08:00,0,0
projects/index.html,22,html,5e6ea7d8,Sam Ouyang,2025-02-07,16:37:03,-08:00,2025-02-07T16:37:03-08:00,0,41
projects/index.html,23,html,92965e58,Sam Ouyang,2025-01-24,13:03:53,-08:00,2025-01-24T13:03:53-08:00,0,0
projects/index.html,24,html,5e6ea7d8,Sam Ouyang,2025-02-07,16:37:03,-08:00,2025-02-07T16:37:03-08:00,0,64
projects/index.html,25,html,5e6ea7d8,Sam Ouyang,2025-02-07,16:37:03,-08:00,2025-02-07T16:37:03-08:00,0,27
projects/index.html,26,html,5e6ea7d8,Sam Ouyang,2025-02-07,16:37:03,-08:00,2025-02-07T16:37:03-08:00,0,37
projects/index.html,27,html,5e6ea7d8,Sam Ouyang,2025-02-07,16:37:03,-08:00,2025-02-07T16:37:03-08:00,0,59
projects/index.html,28,html,5e6ea7d8,Sam Ouyang,2025-02-07,16:37:03,-08:00,2025-02-07T16:37:03-08:00,0,23
projects/index.html,29,html,5e6ea7d8,Sam Ouyang,2025-02-07,16:37:03,-08:00,2025-02-07T16:37:03-08:00,0,5
projects/index.html,30,html,5e6ea7d8,Sam Ouyang,2025-02-07,16:37:03,-08:00,2025-02-07T16:37:03-08:00,0,5
projects/index.html,31,html,5e6ea7d8,Sam Ouyang,2025-02-07,16:37:03,-08:00,2025-02-07T16:37:03-08:00,0,16
projects/index.html,32,html,5e6ea7d8,Sam Ouyang,2025-02-07,16:37:03,-08:00,2025-02-07T16:37:03-08:00,0,12
projects/index.html,33,html,5e6ea7d8,Sam Ouyang,2025-02-07,16:37:03,-08:00,2025-02-07T16:37:03-08:00,0,27
projects/index.html,34,html,5e6ea7d8,Sam Ouyang,2025-02-07,16:37:03,-08:00,2025-02-07T16:37:03-08:00,0,32
projects/index.html,35,html,5e6ea7d8,Sam Ouyang,2025-02-07,16:37:03,-08:00,2025-02-07T16:37:03-08:00,0,1
projects/index.html,36,html,35573956,Sam Ouyang,2025-01-10,14:46:37,-08:00,2025-01-10T14:46:37-08:00,0,0
projects/index.html,37,html,fbc7d6b7,Sam Ouyang,2025-02-01,19:14:30,-08:00,2025-02-01T19:14:30-08:00,0,0
projects/index.html,38,html,5e6ea7d8,Sam Ouyang,2025-02-07,16:37:03,-08:00,2025-02-07T16:37:03-08:00,0,21
projects/index.html,39,html,ae10cbc2,Sam Ouyang,2025-01-18,16:10:02,-08:00,2025-01-18T16:10:02-08:00,0,5
projects/index.html,40,html,5e6ea7d8,Sam Ouyang,2025-02-07,16:37:03,-08:00,2025-02-07T16:37:03-08:00,0,0
projects/index.html,41,html,35573956,Sam Ouyang,2025-01-10,14:46:37,-08:00,2025-01-10T14:46:37-08:00,0,6
projects/index.html,42,html,35573956,Sam Ouyang,2025-01-10,14:46:37,-08:00,2025-01-10T14:46:37-08:00,0,6
contact/index.html,1,html,35573956,Sam Ouyang,2025-01-10,14:46:37,-08:00,2025-01-10T14:46:37-08:00,0,14
contact/index.html,2,html,35573956,Sam Ouyang,2025-01-10,14:46:37,-08:00,2025-01-10T14:46:37-08:00,0,15
contact/index.html,3,html,35573956,Sam Ouyang,2025-01-10,14:46:37,-08:00,2025-01-10T14:46:37-08:00,0,5
contact/index.html,4,html,35573956,Sam Ouyang,2025-01-10,14:46:37,-08:00,2025-01-10T14:46:37-08:00,0,21
contact/index.html,5,html,35573956,Sam Ouyang,2025-01-10,14:46:37,-08:00,2025-01-10T14:46:37-08:00,0,69
contact/index.html,6,html,35573956,Sam Ouyang,2025-01-10,14:46:37,-08:00,2025-01-10T14:46:37-08:00,0,33
contact/index.html,7,html,35573956,Sam Ouyang,2025-01-10,14:46:37,-08:00,2025-01-10T14:46:37-08:00,0,42
contact/index.html,8,html,92965e58,Sam Ouyang,2025-01-24,13:03:53,-08:00,2025-01-24T13:03:53-08:00,0,55
contact/index.html,9,html,35573956,Sam Ouyang,2025-01-10,14:46:37,-08:00,2025-01-10T14:46:37-08:00,0,6
contact/index.html,10,html,35573956,Sam Ouyang,2025-01-10,14:46:37,-08:00,2025-01-10T14:46:37-08:00,0,5
contact/index.html,11,html,3e693989,Sam Ouyang,2025-01-25,20:12:46,-08:00,2025-01-25T20:12:46-08:00,0,74
contact/index.html,12,html,8e4713b2,Sam Ouyang,2025-01-25,18:58:40,-08:00,2025-01-25T18:58:40-08:00,0,32
contact/index.html,13,html,fbc7d6b7,Sam Ouyang,2025-02-01,19:14:30,-08:00,2025-02-01T19:14:30-08:00,0,35
contact/index.html,14,html,8e4713b2,Sam Ouyang,2025-01-25,18:58:40,-08:00,2025-01-25T18:58:40-08:00,0,43
contact/index.html,15,html,8e4713b2,Sam Ouyang,2025-01-25,18:58:40,-08:00,2025-01-25T18:58:40-08:00,0,33
contact/index.html,16,html,8e4713b2,Sam Ouyang,2025-01-25,18:58:40,-08:00,2025-01-25T18:58:40-08:00,0,8
contact/index.html,17,html,8e4713b2,Sam Ouyang,2025-01-25,18:58:40,-08:00,2025-01-25T18:58:40-08:00,0,0
contact/index.html,18,html,35573956,Sam Ouyang,2025-01-10,14:46:37,-08:00,2025-01-10T14:46:37-08:00,0,4
contact/index.html,19,html,8e4713b2,Sam Ouyang,2025-01-25,18:58:40,-08:00,2025-01-25T18:58:40-08:00,0,0
contact/index.html,20,html,92965e58,Sam Ouyang,2025-01-24,13:03:53,-08:00,2025-01-24T13:03:53-08:00,0,5
contact/index.html,21,html,92965e58,Sam Ouyang,2025-01-24,13:03:53,-08:00,2025-01-24T13:03:53-08:00,0,0
contact/index.html,22,html,92965e58,Sam Ouyang,2025-01-24,13:03:53,-08:00,2025-01-24T13:03:53-08:00,0,9
contact/index.html,23,html,35573956,Sam Ouyang,2025-01-10,14:46:37,-08:00,2025-01-10T14:46:37-08:00,0,3
contact/index.html,24,html,35573956,Sam Ouyang,2025-01-10,14:46:37,-08:00,2025-01-10T14:46:37-08:00,0,40
contact/index.html,25,html,35573956,Sam Ouyang,2025-01-10,14:46:37,-08:00,2025-01-10T14:46:37-08:00,0,53
contact/index.html,26,html,92965e58,Sam Ouyang,2025-01-24,13:03:53,-08:00,2025-01-24T13:03:53-08:00,0,51
contact/index.html,27,html,bd96f40f,Sam Ouyang,2025-01-10,15:51:59,-08:00,2025-01-10T15:51:59-08:00,0,74
contact/index.html,28,html,e483d94c,Sam Ouyang,2025-01-10,16:08:21,-08:00,2025-01-10T16:08:21-08:00,0,49
contact/index.html,29,html,35573956,Sam Ouyang,2025-01-10,14:46:37,-08:00,2025-01-10T14:46:37-08:00,0,4
contact/index.html,30,html,92965e58,Sam Ouyang,2025-01-24,13:03:53,-08:00,2025-01-24T13:03:53-08:00,0,9
contact/index.html,31,html,35573956,Sam Ouyang,2025-01-10,14:46:37,-08:00,2025-01-10T14:46:37-08:00,0,0
contact/index.html,32,html,ae10cbc2,Sam Ouyang,2025-01-18,16:10:02,-08:00,2025-01-18T16:10:02-08:00,0,32
contact/index.html,33,html,8d8725d8,Sam Ouyang,2025-01-31,16:50:45,-08:00,2025-01-31T16:50:45-08:00,0,86
contact/index.html,34,html,ae10cbc2,Sam Ouyang,2025-01-18,16:10:02,-08:00,2025-01-18T16:10:02-08:00,0,8
contact/index.html,35,html,ae10cbc2,Sam Ouyang,2025-01-18,16:10:02,-08:00,2025-01-18T16:10:02-08:00,0,70
contact/index.html,36,html,fd8a4f0d,Sam Ouyang,2025-01-10,15:49:59,-08:00,2025-01-10T15:49:59-08:00,0,0
contact/index.html,37,html,ae10cbc2,Sam Ouyang,2025-01-18,16:10:02,-08:00,2025-01-18T16:10:02-08:00,0,78
contact/index.html,38,html,fd8a4f0d,Sam Ouyang,2025-01-10,15:49:59,-08:00,2025-01-10T15:49:59-08:00,0,37
contact/index.html,39,html,fd8a4f0d,Sam Ouyang,2025-01-10,15:49:59,-08:00,2025-01-10T15:49:59-08:00,0,52
contact/index.html,40,html,fd8a4f0d,Sam Ouyang,2025-01-10,15:49:59,-08:00,2025-01-10T15:49:59-08:00,0,0
contact/index.html,41,html,fd8a4f0d,Sam Ouyang,2025-01-10,15:49:59,-08:00,2025-01-10T15:49:59-08:00,0,36
contact/index.html,42,html,fd8a4f0d,Sam Ouyang,2025-01-10,15:49:59,-08:00,2025-01-10T15:49:59-08:00,0,55
contact/index.html,43,html,fd8a4f0d,Sam Ouyang,2025-01-10,15:49:59,-08:00,2025-01-10T15:49:59-08:00,0,0
contact/index.html,44,html,fd8a4f0d,Sam Ouyang,2025-01-10,15:49:59,-08:00,2025-01-10T15:49:59-08:00,0,33
contact/index.html,45,html,fd8a4f0d,Sam Ouyang,2025-01-10,15:49:59,-08:00,2025-01-10T15:49:59-08:00,0,60
contact/index.html,46,html,fd8a4f0d,Sam Ouyang,2025-01-10,15:49:59,-08:00,2025-01-10T15:49:59-08:00,0,0
contact/index.html,47,html,fd8a4f0d,Sam Ouyang,2025-01-10,15:49:59,-08:00,2025-01-10T15:49:59-08:00,0,20
contact/index.html,48,html,fd8a4f0d,Sam Ouyang,2025-01-10,15:49:59,-08:00,2025-01-10T15:49:59-08:00,0,6
contact/index.html,49,html,35573956,Sam Ouyang,2025-01-10,14:46:37,-08:00,2025-01-10T14:46:37-08:00,0,6
contact/index.html,50,html,35573956,Sam Ouyang,2025-01-10,14:46:37,-08:00,2025-01-10T14:46:37-08:00,0,6
